[{"folder":{"id":"4518296f-a44e-5a02-8f5f-a45cbd3795f9"},"elements":[],"id":"06c38ecd-d6ae-4058-851b-1ba049022398","codename":"pwa_lighthouse_audit_png","file_name":"PWA-Lighthouse-audit.png","title":null,"size":81146,"type":"image/png","url":"https://assets-eu-01.kc-usercontent.com/75653ec1-36a2-01e0-0d25-a64799947697/dad65c63-238a-443c-80c8-022ace40d18a/PWA-Lighthouse-audit.png","image_width":1400,"image_height":800,"file_reference":{"id":"dad65c63-238a-443c-80c8-022ace40d18a","type":"internal"},"descriptions":[{"language":{"id":"00000000-0000-0000-0000-000000000000"},"description":null}],"last_modified":"2020-07-06T17:00:21.1549746Z"},{"folder":{"id":"90cf324b-8582-4785-98e5-341a500d4c62"},"elements":[],"id":"07b50158-7079-415a-ac34-ccf85855b7ce","codename":"template_1__png","file_name":"template[1].png","title":null,"size":963613,"type":"image/png","url":"https://assets-eu-01.kc-usercontent.com/75653ec1-36a2-01e0-0d25-a64799947697/e1da253d-3845-4624-a9cb-c13a9504e69c/template%5B1%5D.png","image_width":1280,"image_height":640,"file_reference":{"id":"e1da253d-3845-4624-a9cb-c13a9504e69c","type":"internal"},"descriptions":[{"language":{"id":"00000000-0000-0000-0000-000000000000"},"description":null}],"last_modified":"2021-02-28T07:50:06.264387Z"},{"folder":{"id":"246be954-0eee-4fbf-b311-3933b2fea586"},"elements":[],"id":"094af3c2-90a9-4741-b705-c53fe0a994af","codename":"covering_photo2__jpg","file_name":"covering_photo2,.jpg","title":null,"size":4356762,"type":"image/jpeg","url":"https://assets-eu-01.kc-usercontent.com/75653ec1-36a2-01e0-0d25-a64799947697/f54bf294-73bc-429a-acf9-025f8818f751/covering_photo2%2C.jpg","image_width":4032,"image_height":3024,"file_reference":{"id":"f54bf294-73bc-429a-acf9-025f8818f751","type":"internal"},"descriptions":[{"language":{"id":"00000000-0000-0000-0000-000000000000"},"description":"Veiw from the up f the hill"}],"last_modified":"2020-08-22T13:41:25.4127684Z"},{"folder":{"id":"246be954-0eee-4fbf-b311-3933b2fea586"},"elements":[],"id":"0a25ab38-0fa2-4741-9c81-2142a6b39411","codename":"og_image_png","file_name":"og-image.png","title":null,"size":758423,"type":"image/png","url":"https://assets-eu-01.kc-usercontent.com/75653ec1-36a2-01e0-0d25-a64799947697/ce71c64e-49f0-4409-8fe4-c4386e1bd0ff/og-image.png","image_width":1200,"image_height":600,"file_reference":{"id":"ce71c64e-49f0-4409-8fe4-c4386e1bd0ff","type":"internal"},"descriptions":[{"language":{"id":"00000000-0000-0000-0000-000000000000"},"description":null}],"last_modified":"2020-08-22T15:17:44.1619064Z"},{"folder":{"id":"4518296f-a44e-5a02-8f5f-a45cbd3795f9"},"elements":[],"id":"0ab1631b-d7fd-4022-bc30-eaaf19dffd56","codename":"pwa_angular_headless_cms_png","file_name":"PWA-Angular+headless-cms.png","title":null,"size":43591,"type":"image/png","url":"https://assets-eu-01.kc-usercontent.com/75653ec1-36a2-01e0-0d25-a64799947697/769b2f6f-9796-45eb-b1bc-957d6fe4a353/PWA-Angular%2Bheadless-cms.png","image_width":1400,"image_height":600,"file_reference":{"id":"769b2f6f-9796-45eb-b1bc-957d6fe4a353","type":"internal"},"descriptions":[{"language":{"id":"00000000-0000-0000-0000-000000000000"},"description":null}],"last_modified":"2021-01-23T18:33:06.4242322Z"},{"folder":{"id":"90cf324b-8582-4785-98e5-341a500d4c62"},"elements":[],"id":"12777113-75cb-4143-ad5c-bbeba89b5554","codename":"og_image_1__png","file_name":"og-image[1].png","title":null,"size":595903,"type":"image/png","url":"https://assets-eu-01.kc-usercontent.com/75653ec1-36a2-01e0-0d25-a64799947697/59bed03f-18b7-437a-978a-254f6cb9cd15/og-image%5B1%5D.png","image_width":1200,"image_height":600,"file_reference":{"id":"59bed03f-18b7-437a-978a-254f6cb9cd15","type":"internal"},"descriptions":[{"language":{"id":"00000000-0000-0000-0000-000000000000"},"description":null}],"last_modified":"2021-02-21T17:46:28.1706973Z"},{"folder":{"id":"246be954-0eee-4fbf-b311-3933b2fea586"},"elements":[],"id":"146604c6-8d5c-4af7-98a7-c9d8a7dde774","codename":"ef5t02qxoai_ohm_jpg","file_name":"EF5T02QXoAI_oHM.jpg","title":null,"size":305729,"type":"image/jpeg","url":"https://assets-eu-01.kc-usercontent.com/75653ec1-36a2-01e0-0d25-a64799947697/334c1508-ddbe-46c2-a2b1-3738d8bf605d/EF5T02QXoAI_oHM.jpg","image_width":2048,"image_height":1536,"file_reference":{"id":"334c1508-ddbe-46c2-a2b1-3738d8bf605d","type":"internal"},"descriptions":[{"language":{"id":"00000000-0000-0000-0000-000000000000"},"description":null}],"last_modified":"2020-08-22T13:27:39.7269493Z"},{"folder":{"id":"90cf324b-8582-4785-98e5-341a500d4c62"},"elements":[],"id":"190328c9-5401-41f3-a01e-337f9454ef1f","codename":"capture_png","file_name":"Capture.PNG","title":null,"size":203614,"type":"image/png","url":"https://assets-eu-01.kc-usercontent.com/75653ec1-36a2-01e0-0d25-a64799947697/1df57250-aca6-4d0d-be37-b51fd3540573/Capture.PNG","image_width":1263,"image_height":412,"file_reference":{"id":"1df57250-aca6-4d0d-be37-b51fd3540573","type":"internal"},"descriptions":[{"language":{"id":"00000000-0000-0000-0000-000000000000"},"description":null}],"last_modified":"2021-02-21T18:44:01.7818396Z"},{"folder":{"id":"90cf324b-8582-4785-98e5-341a500d4c62"},"elements":[],"id":"24e69b3c-dd80-4e80-b78d-9801fd7a4b10","codename":"dc_ogimage_c4f6c54856a7d7f55fe40fcf68f38204_1__png","file_name":"dc-ogimage-c4f6c54856a7d7f55fe40fcf68f38204[1].png","title":null,"size":244576,"type":"image/png","url":"https://assets-eu-01.kc-usercontent.com/75653ec1-36a2-01e0-0d25-a64799947697/fa5d26c4-45bd-4785-a75b-39810bbcea2e/dc-ogimage-c4f6c54856a7d7f55fe40fcf68f38204%5B1%5D.png","image_width":1200,"image_height":630,"file_reference":{"id":"fa5d26c4-45bd-4785-a75b-39810bbcea2e","type":"internal"},"descriptions":[{"language":{"id":"00000000-0000-0000-0000-000000000000"},"description":null}],"last_modified":"2021-02-19T17:36:29.2261434Z"},{"folder":{"id":"246be954-0eee-4fbf-b311-3933b2fea586"},"elements":[],"id":"298086bb-5fc0-47ba-ac23-480c41ca4b88","codename":"n12783741_10205308751977651_5873861198012054405_o_jpg","file_name":"12783741_10205308751977651_5873861198012054405_o.jpg","title":null,"size":209660,"type":"image/jpeg","url":"https://assets-eu-01.kc-usercontent.com/75653ec1-36a2-01e0-0d25-a64799947697/46cca674-0667-4573-a1b3-b47b02111d78/12783741_10205308751977651_5873861198012054405_o.jpg","image_width":2048,"image_height":1356,"file_reference":{"id":"46cca674-0667-4573-a1b3-b47b02111d78","type":"internal"},"descriptions":[{"language":{"id":"00000000-0000-0000-0000-000000000000"},"description":"Walking in the desert"}],"last_modified":"2020-08-22T13:44:07.5864577Z"},{"folder":{"id":"246be954-0eee-4fbf-b311-3933b2fea586"},"elements":[],"id":"2c0282e1-62f4-4e52-a1b7-adf5ffcc1d84","codename":"banner_jpg","file_name":"banner.jpg","title":null,"size":8078819,"type":"image/jpeg","url":"https://assets-eu-01.kc-usercontent.com/75653ec1-36a2-01e0-0d25-a64799947697/e98e7876-5d37-446c-a767-a30dd678e245/banner.jpg","image_width":4032,"image_height":2607,"file_reference":{"id":"e98e7876-5d37-446c-a767-a30dd678e245","type":"internal"},"descriptions":[{"language":{"id":"00000000-0000-0000-0000-000000000000"},"description":null}],"last_modified":"2020-08-22T09:52:31.7273705Z"},{"folder":{"id":"90cf324b-8582-4785-98e5-341a500d4c62"},"elements":[],"id":"2eb4df7c-d914-42cc-93d6-1248d347e186","codename":"photon_cover_png","file_name":"photon-cover.PNG","title":null,"size":125188,"type":"image/png","url":"https://assets-eu-01.kc-usercontent.com/75653ec1-36a2-01e0-0d25-a64799947697/33a30485-0399-465b-b09e-327a22bfc45d/photon-cover.PNG","image_width":2479,"image_height":846,"file_reference":{"id":"33a30485-0399-465b-b09e-327a22bfc45d","type":"internal"},"descriptions":[{"language":{"id":"00000000-0000-0000-0000-000000000000"},"description":null}],"last_modified":"2021-07-12T14:19:02.0602141Z"},{"folder":{"id":"38548727-b7a5-4d1e-bc90-633a2be38257"},"elements":[],"id":"2fe5df2d-8ab1-4edf-b413-bd7dd38e26bf","codename":"cover_image___statiq__net_jamstack_short_png","file_name":"Cover Image - Statiq .NET Jamstack-short.png","title":null,"size":335986,"type":"image/png","url":"https://assets-eu-01.kc-usercontent.com/75653ec1-36a2-01e0-0d25-a64799947697/47153af7-21a3-40b0-ad4d-4ec36a2bd4d8/Cover%20Image%20-%20Statiq%20.NET%20Jamstack-short.png","image_width":1000,"image_height":318,"file_reference":{"id":"47153af7-21a3-40b0-ad4d-4ec36a2bd4d8","type":"internal"},"descriptions":[{"language":{"id":"00000000-0000-0000-0000-000000000000"},"description":"Kontent and Statiq teaser image"}],"last_modified":"2020-11-30T10:48:58.9911848Z"},{"folder":{"id":"90cf324b-8582-4785-98e5-341a500d4c62"},"elements":[],"id":"3a6419dd-70e7-4875-91a2-cf66d11b0829","codename":"root_pipeline_statiq_png","file_name":"root-pipeline-statiq.PNG","title":null,"size":74451,"type":"image/png","url":"https://assets-eu-01.kc-usercontent.com/75653ec1-36a2-01e0-0d25-a64799947697/6eff393b-14a9-468f-a482-1c25034fa9c4/root-pipeline-statiq.PNG","image_width":1264,"image_height":1710,"file_reference":{"id":"6eff393b-14a9-468f-a482-1c25034fa9c4","type":"internal"},"descriptions":[{"language":{"id":"00000000-0000-0000-0000-000000000000"},"description":null}],"last_modified":"2021-02-24T21:35:52.7073088Z"},{"folder":{"id":"246be954-0eee-4fbf-b311-3933b2fea586"},"elements":[],"id":"3e7439cc-329d-415c-a347-59492ee4b6a8","codename":"dcrlyzlwaaail39_jpg","file_name":"DcRlyZLWAAAil39.jpg","title":null,"size":172896,"type":"image/jpeg","url":"https://assets-eu-01.kc-usercontent.com/75653ec1-36a2-01e0-0d25-a64799947697/38f74116-af34-4a35-8850-48b60c7778c7/DcRlyZLWAAAil39.jpg","image_width":1500,"image_height":998,"file_reference":{"id":"38f74116-af34-4a35-8850-48b60c7778c7","type":"internal"},"descriptions":[{"language":{"id":"00000000-0000-0000-0000-000000000000"},"description":null}],"last_modified":"2020-08-22T13:27:39.039401Z"},{"folder":{"id":"246be954-0eee-4fbf-b311-3933b2fea586"},"elements":[],"id":"420e1f4c-86ce-4017-be03-8ca38e79cff7","codename":"desert_cropped_jpg","file_name":"desert-cropped.jpg","title":null,"size":355543,"type":"image/jpeg","url":"https://assets-eu-01.kc-usercontent.com/75653ec1-36a2-01e0-0d25-a64799947697/72c455bf-d399-4943-8641-ca59564895fe/desert-cropped.jpg","image_width":2048,"image_height":978,"file_reference":{"id":"72c455bf-d399-4943-8641-ca59564895fe","type":"internal"},"descriptions":[{"language":{"id":"00000000-0000-0000-0000-000000000000"},"description":null}],"last_modified":"2020-08-22T13:54:53.3291477Z"},{"folder":{"id":"38548727-b7a5-4d1e-bc90-633a2be38257"},"elements":[],"id":"43ade5b1-65fb-4f6d-8c3a-c3f86cf9d7d8","codename":"project_id_png","file_name":"Project ID.png","title":null,"size":47742,"type":"image/png","url":"https://assets-eu-01.kc-usercontent.com/75653ec1-36a2-01e0-0d25-a64799947697/46140025-7f28-4cac-a407-9288a3c82bd2/Project%20ID.png","image_width":697,"image_height":493,"file_reference":{"id":"46140025-7f28-4cac-a407-9288a3c82bd2","type":"internal"},"descriptions":[{"language":{"id":"00000000-0000-0000-0000-000000000000"},"description":null}],"last_modified":"2020-11-24T07:47:57.9690602Z"},{"folder":{"id":"4518296f-a44e-5a02-8f5f-a45cbd3795f9"},"elements":[],"id":"4757b8fa-488f-4ebd-9811-d975667009f6","codename":"pwa_lighthouse_in_ci_png","file_name":"PWA-Lighthouse-in-CI.png","title":null,"size":165878,"type":"image/png","url":"https://assets-eu-01.kc-usercontent.com/75653ec1-36a2-01e0-0d25-a64799947697/7c66ab8d-9b17-46c6-90a8-d72ffdce49b8/PWA-Lighthouse-in-CI.png","image_width":1400,"image_height":1050,"file_reference":{"id":"7c66ab8d-9b17-46c6-90a8-d72ffdce49b8","type":"internal"},"descriptions":[{"language":{"id":"00000000-0000-0000-0000-000000000000"},"description":null}],"last_modified":"2020-07-06T17:00:21.6237408Z"},{"folder":{"id":"38548727-b7a5-4d1e-bc90-633a2be38257"},"elements":[],"id":"49069356-b9f4-4472-8441-35d99146d2bf","codename":"hero_item_png","file_name":"Hero item.png","title":null,"size":37067,"type":"image/png","url":"https://assets-eu-01.kc-usercontent.com/75653ec1-36a2-01e0-0d25-a64799947697/68d2ceb6-fa6f-424e-9a71-d4582d304ab5/Hero%20item.png","image_width":1105,"image_height":693,"file_reference":{"id":"68d2ceb6-fa6f-424e-9a71-d4582d304ab5","type":"internal"},"descriptions":[{"language":{"id":"00000000-0000-0000-0000-000000000000"},"description":null}],"last_modified":"2020-11-19T17:15:00.1748457Z"},{"folder":{"id":"246be954-0eee-4fbf-b311-3933b2fea586"},"elements":[],"id":"4cf47eec-efaf-4489-9ffc-286f6d20c864","codename":"ee0r8ihwsaee0hu_jpg","file_name":"EE0r8iHWsAEe0HU.jpg","title":null,"size":326954,"type":"image/jpeg","url":"https://assets-eu-01.kc-usercontent.com/75653ec1-36a2-01e0-0d25-a64799947697/d25027cb-573f-464b-a363-5a5bc052ae02/EE0r8iHWsAEe0HU.jpg","image_width":2048,"image_height":1536,"file_reference":{"id":"d25027cb-573f-464b-a363-5a5bc052ae02","type":"internal"},"descriptions":[{"language":{"id":"00000000-0000-0000-0000-000000000000"},"description":null}],"last_modified":"2020-08-22T13:27:39.465151Z"},{"folder":{"id":"90cf324b-8582-4785-98e5-341a500d4c62"},"elements":[],"id":"52a16ca5-902f-4d67-9900-82512019d997","codename":"template_thumbnail_png","file_name":"template_thumbnail.png","title":null,"size":186411,"type":"image/png","url":"https://assets-eu-01.kc-usercontent.com/75653ec1-36a2-01e0-0d25-a64799947697/e0f51f6e-515e-40e4-b1aa-24979d6aff1a/template_thumbnail.png","image_width":821,"image_height":916,"file_reference":{"id":"e0f51f6e-515e-40e4-b1aa-24979d6aff1a","type":"internal"},"descriptions":[{"language":{"id":"00000000-0000-0000-0000-000000000000"},"description":null}],"last_modified":"2021-02-25T21:20:53.2053993Z"},{"folder":{"id":"38548727-b7a5-4d1e-bc90-633a2be38257"},"elements":[],"id":"53b474eb-a8f5-4515-ad6a-65f3ef716288","codename":"cover_image___statiq__net_jamstack_png","file_name":"Cover Image - Statiq .NET Jamstack.png","title":null,"size":405863,"type":"image/png","url":"https://assets-eu-01.kc-usercontent.com/75653ec1-36a2-01e0-0d25-a64799947697/d5114684-3dc5-40f2-85d9-cc70b814dccb/Cover%20Image%20-%20Statiq%20.NET%20Jamstack.png","image_width":1000,"image_height":420,"file_reference":{"id":"d5114684-3dc5-40f2-85d9-cc70b814dccb","type":"internal"},"descriptions":[{"language":{"id":"00000000-0000-0000-0000-000000000000"},"description":null}],"last_modified":"2020-11-24T10:45:43.0655374Z"},{"folder":{"id":"246be954-0eee-4fbf-b311-3933b2fea586"},"elements":[],"id":"55643f98-f15c-457f-b9b7-32998d528a45","codename":"desert_cropped2_jpg","file_name":"desert-cropped2.jpg","title":null,"size":459808,"type":"image/jpeg","url":"https://assets-eu-01.kc-usercontent.com/75653ec1-36a2-01e0-0d25-a64799947697/b05591da-b63f-48bd-84cb-f37a9983020c/desert-cropped2.jpg","image_width":2048,"image_height":1098,"file_reference":{"id":"b05591da-b63f-48bd-84cb-f37a9983020c","type":"internal"},"descriptions":[{"language":{"id":"00000000-0000-0000-0000-000000000000"},"description":null}],"last_modified":"2020-08-22T13:54:53.845024Z"},{"folder":{"id":"38548727-b7a5-4d1e-bc90-633a2be38257"},"elements":[],"id":"625eda6b-3858-4e96-ab89-e05721b64d6c","codename":"hero_item_png_625eda6","file_name":"Hero item.png","title":null,"size":37464,"type":"image/png","url":"https://assets-eu-01.kc-usercontent.com/75653ec1-36a2-01e0-0d25-a64799947697/d4c99a73-5bbb-4337-8cf5-527cf7ac4d67/Hero%20item.png","image_width":970,"image_height":695,"file_reference":{"id":"d4c99a73-5bbb-4337-8cf5-527cf7ac4d67","type":"internal"},"descriptions":[{"language":{"id":"00000000-0000-0000-0000-000000000000"},"description":"Hero content item detail"}],"last_modified":"2020-11-30T10:49:21.8149251Z"},{"folder":{"id":"246be954-0eee-4fbf-b311-3933b2fea586"},"elements":[],"id":"6d8fc1d5-4ad0-483c-87a8-ea16e5cd2149","codename":"og_image_png_6d8fc1d","file_name":"og-image.png","title":null,"size":683958,"type":"image/png","url":"https://assets-eu-01.kc-usercontent.com/75653ec1-36a2-01e0-0d25-a64799947697/455c9aa2-1af3-40f0-80ab-fff7046f4b6c/og-image.png","image_width":1200,"image_height":600,"file_reference":{"id":"455c9aa2-1af3-40f0-80ab-fff7046f4b6c","type":"internal"},"descriptions":[{"language":{"id":"00000000-0000-0000-0000-000000000000"},"description":null}],"last_modified":"2020-08-22T16:06:00.1903715Z"},{"folder":{"id":"90cf324b-8582-4785-98e5-341a500d4c62"},"elements":[],"id":"71e84cee-b64c-48db-a59d-fc721dfae165","codename":"bg_001_1__jpg","file_name":"bg-001[1].jpg","title":null,"size":36530,"type":"image/jpeg","url":"https://assets-eu-01.kc-usercontent.com/75653ec1-36a2-01e0-0d25-a64799947697/21869920-491b-4206-b4db-57a982adbfc7/bg-001%5B1%5D.jpg","image_width":1920,"image_height":700,"file_reference":{"id":"21869920-491b-4206-b4db-57a982adbfc7","type":"internal"},"descriptions":[{"language":{"id":"00000000-0000-0000-0000-000000000000"},"description":null}],"last_modified":"2021-02-20T12:58:44.3271419Z"},{"folder":{"id":"38548727-b7a5-4d1e-bc90-633a2be38257"},"elements":[],"id":"7397472a-0b3e-410a-8340-80897ff35701","codename":"sstatiq_puzzle_with_arrows_png","file_name":"sstatiq puzzle with arrows.png","title":null,"size":128416,"type":"image/png","url":"https://assets-eu-01.kc-usercontent.com/75653ec1-36a2-01e0-0d25-a64799947697/d50e6abd-6033-4326-ab4a-dde9b6b114f9/sstatiq%20puzzle%20with%20arrows.png","image_width":640,"image_height":640,"file_reference":{"id":"d50e6abd-6033-4326-ab4a-dde9b6b114f9","type":"internal"},"descriptions":[{"language":{"id":"00000000-0000-0000-0000-000000000000"},"description":"Technology puzzle diagram"}],"last_modified":"2020-11-30T10:49:04.427475Z"},{"folder":{"id":"4decc2ac-2db1-46fc-9e47-8f90ece363f9"},"elements":[],"id":"752803e1-1879-4a67-99c7-0cad07aa6041","codename":"ondrej_chrastina","file_name":"website-icon.png","title":"Ondřej Chrastina","size":181013,"type":"image/png","url":"https://assets-eu-01.kc-usercontent.com/75653ec1-36a2-01e0-0d25-a64799947697/dd8eaa2f-c99e-4e4d-a74c-4c00d3106a5e/website-icon.png","image_width":500,"image_height":500,"file_reference":{"id":"dd8eaa2f-c99e-4e4d-a74c-4c00d3106a5e","type":"internal"},"descriptions":[{"language":{"id":"00000000-0000-0000-0000-000000000000"},"description":"Ondřej Chrastina Profile picture"}],"last_modified":"2020-07-06T17:00:22.0612371Z"},{"folder":{"id":"38548727-b7a5-4d1e-bc90-633a2be38257"},"elements":[],"id":"76977336-47ff-41bd-9b8c-33049d9657ff","codename":"jwt_kontent_png","file_name":"JWT Kontent.png","title":null,"size":87935,"type":"image/png","url":"https://assets-eu-01.kc-usercontent.com/75653ec1-36a2-01e0-0d25-a64799947697/deca64e3-2ca3-41bc-bce9-cf65aa6940f4/JWT%20Kontent.png","image_width":1400,"image_height":840,"file_reference":{"id":"deca64e3-2ca3-41bc-bce9-cf65aa6940f4","type":"internal"},"descriptions":[{"language":{"id":"00000000-0000-0000-0000-000000000000"},"description":null}],"last_modified":"2021-03-21T15:36:02.1174214Z"},{"folder":{"id":"246be954-0eee-4fbf-b311-3933b2fea586"},"elements":[],"id":"7ef34f3f-0e20-4ab6-9421-710d8a36c34f","codename":"n12783741_10205308751977651_5873861198012054405_o_","file_name":"12783741_10205308751977651_5873861198012054405_o.jpg","title":null,"size":209660,"type":"image/jpeg","url":"https://assets-eu-01.kc-usercontent.com/75653ec1-36a2-01e0-0d25-a64799947697/9b65abb6-33ad-46fc-83e0-37e3af996b36/12783741_10205308751977651_5873861198012054405_o.jpg","image_width":2048,"image_height":1356,"file_reference":{"id":"9b65abb6-33ad-46fc-83e0-37e3af996b36","type":"internal"},"descriptions":[{"language":{"id":"00000000-0000-0000-0000-000000000000"},"description":null}],"last_modified":"2020-08-22T13:52:34.9230807Z"},{"folder":{"id":"38548727-b7a5-4d1e-bc90-633a2be38257"},"elements":[],"id":"8742c338-2265-485f-9a75-c3f12cf3b72e","codename":"hero_model_png","file_name":"Hero model.png","title":null,"size":58466,"type":"image/png","url":"https://assets-eu-01.kc-usercontent.com/75653ec1-36a2-01e0-0d25-a64799947697/8460732a-7498-4e0d-b2b8-b8de3921da0b/Hero%20model.png","image_width":1082,"image_height":960,"file_reference":{"id":"8460732a-7498-4e0d-b2b8-b8de3921da0b","type":"internal"},"descriptions":[{"language":{"id":"00000000-0000-0000-0000-000000000000"},"description":"Hero content model"}],"last_modified":"2020-11-25T13:48:43.6407479Z"},{"folder":{"id":"4518296f-a44e-5a02-8f5f-a45cbd3795f9"},"elements":[],"id":"89110d28-47e9-4399-9817-d0b598072421","codename":"pwa_angular_headless_cms_png_89110d2","file_name":"PWA-Angular+headless-cms.png","title":null,"size":46611,"type":"image/png","url":"https://assets-eu-01.kc-usercontent.com/75653ec1-36a2-01e0-0d25-a64799947697/1dc8efc9-458a-4661-ab9e-ca77679d837c/PWA-Angular%2Bheadless-cms.png","image_width":1400,"image_height":600,"file_reference":{"id":"1dc8efc9-458a-4661-ab9e-ca77679d837c","type":"internal"},"descriptions":[{"language":{"id":"00000000-0000-0000-0000-000000000000"},"description":null}],"last_modified":"2020-07-06T17:02:58.2582797Z"},{"folder":{"id":"90cf324b-8582-4785-98e5-341a500d4c62"},"elements":[],"id":"8d9fcbad-6851-4510-a046-a6e1959274b5","codename":"personal_site_webspotlight_png","file_name":"personal-site-webspotlight.png","title":null,"size":1635028,"type":"image/png","url":"https://assets-eu-01.kc-usercontent.com/75653ec1-36a2-01e0-0d25-a64799947697/4b058346-69f5-464b-8f39-1c8b4ac5c4b8/personal-site-webspotlight.png","image_width":2880,"image_height":1725,"file_reference":{"id":"4b058346-69f5-464b-8f39-1c8b4ac5c4b8","type":"internal"},"descriptions":[{"language":{"id":"00000000-0000-0000-0000-000000000000"},"description":null}],"last_modified":"2021-02-21T18:32:37.3917758Z"},{"folder":{"id":"38548727-b7a5-4d1e-bc90-633a2be38257"},"elements":[],"id":"a0999169-c2e4-4e10-9bf3-7b12f042fb16","codename":"n2020_08_29_15_19_00_png","file_name":"2020-08-29_15-19-00.png","title":null,"size":125086,"type":"image/png","url":"https://assets-eu-01.kc-usercontent.com/75653ec1-36a2-01e0-0d25-a64799947697/c252eded-043e-43e3-ac56-faafec5f1606/2020-08-29_15-19-00.png","image_width":1697,"image_height":786,"file_reference":{"id":"c252eded-043e-43e3-ac56-faafec5f1606","type":"internal"},"descriptions":[{"language":{"id":"00000000-0000-0000-0000-000000000000"},"description":"Async Await playground example"}],"last_modified":"2020-08-29T13:20:24.4489847Z"},{"folder":{"id":"4decc2ac-2db1-46fc-9e47-8f90ece363f9"},"elements":[],"id":"b40b0882-1ca9-4475-8263-01a95b330c14","codename":"dcrlyzlwaaail39_jpg_b40b088","file_name":"DcRlyZLWAAAil39.jpg","title":null,"size":172896,"type":"image/jpeg","url":"https://assets-eu-01.kc-usercontent.com/75653ec1-36a2-01e0-0d25-a64799947697/30e9e29a-1beb-4965-8a23-99285c7c3365/DcRlyZLWAAAil39.jpg","image_width":1500,"image_height":998,"file_reference":{"id":"30e9e29a-1beb-4965-8a23-99285c7c3365","type":"internal"},"descriptions":[{"language":{"id":"00000000-0000-0000-0000-000000000000"},"description":null}],"last_modified":"2020-08-22T13:27:48.6181921Z"},{"folder":{"id":"38548727-b7a5-4d1e-bc90-633a2be38257"},"elements":[],"id":"b6bcfb3e-639f-4a34-bd7d-74ff58beec56","codename":"statiq_puzzle_png","file_name":"sTATIQ PUZZLE.png","title":null,"size":70126,"type":"image/png","url":"https://assets-eu-01.kc-usercontent.com/75653ec1-36a2-01e0-0d25-a64799947697/8dd31399-8216-43f3-9b24-554b89b6f8e4/sTATIQ%20PUZZLE.png","image_width":512,"image_height":512,"file_reference":{"id":"8dd31399-8216-43f3-9b24-554b89b6f8e4","type":"internal"},"descriptions":[{"language":{"id":"00000000-0000-0000-0000-000000000000"},"description":null}],"last_modified":"2020-11-24T11:50:02.2508217Z"},{"folder":{"id":"38548727-b7a5-4d1e-bc90-633a2be38257"},"elements":[],"id":"bae67388-352e-448a-afed-b39047825c90","codename":"hero_item_png_bae6738","file_name":"Hero item.png","title":null,"size":50955,"type":"image/png","url":"https://assets-eu-01.kc-usercontent.com/75653ec1-36a2-01e0-0d25-a64799947697/ca62a088-8195-4528-a3a8-b2686ae1a13b/Hero%20item.png","image_width":1105,"image_height":959,"file_reference":{"id":"ca62a088-8195-4528-a3a8-b2686ae1a13b","type":"internal"},"descriptions":[{"language":{"id":"00000000-0000-0000-0000-000000000000"},"description":null}],"last_modified":"2020-11-19T10:58:14.3369939Z"},{"folder":{"id":"246be954-0eee-4fbf-b311-3933b2fea586"},"elements":[],"id":"bcf9a62a-382d-48ab-b427-0a9dd71a9545","codename":"covering_photo_jpg","file_name":"covering_photo.jpg","title":null,"size":4719630,"type":"image/jpeg","url":"https://assets-eu-01.kc-usercontent.com/75653ec1-36a2-01e0-0d25-a64799947697/b73cb692-f669-47b1-b846-16139dd9f478/covering_photo.jpg","image_width":4032,"image_height":3024,"file_reference":{"id":"b73cb692-f669-47b1-b846-16139dd9f478","type":"internal"},"descriptions":[{"language":{"id":"00000000-0000-0000-0000-000000000000"},"description":null}],"last_modified":"2020-08-22T13:27:32.8321437Z"},{"folder":{"id":"246be954-0eee-4fbf-b311-3933b2fea586"},"elements":[],"id":"be512b04-fb7b-457b-b906-0837046225a1","codename":"covering_photo___copy_jpg","file_name":"covering_photo - Copy.jpg","title":null,"size":4719630,"type":"image/jpeg","url":"https://assets-eu-01.kc-usercontent.com/75653ec1-36a2-01e0-0d25-a64799947697/1f46b58b-c897-48b2-b97e-bc4105eb64fd/covering_photo%20-%20Copy.jpg","image_width":4032,"image_height":3024,"file_reference":{"id":"1f46b58b-c897-48b2-b97e-bc4105eb64fd","type":"internal"},"descriptions":[{"language":{"id":"00000000-0000-0000-0000-000000000000"},"description":null}],"last_modified":"2020-08-22T13:27:28.6289805Z"},{"folder":{"id":"38548727-b7a5-4d1e-bc90-633a2be38257"},"elements":[],"id":"c75f8469-64b1-4e47-924a-6d15a05b514c","codename":"project_id_png_c75f846","file_name":"Project ID.png","title":null,"size":49628,"type":"image/png","url":"https://assets-eu-01.kc-usercontent.com/75653ec1-36a2-01e0-0d25-a64799947697/67b923f1-caea-4da4-abfb-6d9d68d56ddd/Project%20ID.png","image_width":697,"image_height":493,"file_reference":{"id":"67b923f1-caea-4da4-abfb-6d9d68d56ddd","type":"internal"},"descriptions":[{"language":{"id":"00000000-0000-0000-0000-000000000000"},"description":"Copy project ID section"}],"last_modified":"2020-11-30T10:49:26.6642285Z"},{"folder":{"id":"4518296f-a44e-5a02-8f5f-a45cbd3795f9"},"elements":[],"id":"c937bfbc-b6ac-4154-b6eb-1ecc4d182631","codename":"pwa_lighthouse_in_ci_png_c937bfb","file_name":"PWA-Lighthouse-in-CI.png","title":null,"size":198103,"type":"image/png","url":"https://assets-eu-01.kc-usercontent.com/75653ec1-36a2-01e0-0d25-a64799947697/3479ce09-cb09-4b72-b1c0-5f91881b1323/PWA-Lighthouse-in-CI.png","image_width":1400,"image_height":1050,"file_reference":{"id":"3479ce09-cb09-4b72-b1c0-5f91881b1323","type":"internal"},"descriptions":[{"language":{"id":"00000000-0000-0000-0000-000000000000"},"description":null}],"last_modified":"2021-01-23T18:54:31.712858Z"},{"folder":{"id":"90cf324b-8582-4785-98e5-341a500d4c62"},"elements":[],"id":"d39726b9-1606-4fd0-9fac-a681708f8be2","codename":"schema_png","file_name":"schema.png","title":null,"size":81626,"type":"image/png","url":"https://assets-eu-01.kc-usercontent.com/75653ec1-36a2-01e0-0d25-a64799947697/68c8a1f3-3cf6-4d12-bcf6-1f773b508543/schema.png","image_width":1914,"image_height":966,"file_reference":{"id":"68c8a1f3-3cf6-4d12-bcf6-1f773b508543","type":"internal"},"descriptions":[{"language":{"id":"00000000-0000-0000-0000-000000000000"},"description":null}],"last_modified":"2021-02-25T21:20:53.0491085Z"},{"folder":{"id":"90cf324b-8582-4785-98e5-341a500d4c62"},"elements":[],"id":"d8299c60-864f-4224-86ce-4a465bc1c570","codename":"screenshot_1__png","file_name":"screenshot[1].png","title":null,"size":56939,"type":"image/png","url":"https://assets-eu-01.kc-usercontent.com/75653ec1-36a2-01e0-0d25-a64799947697/75ebede0-2a16-45d9-b254-309c0012eadb/screenshot%5B1%5D.png","image_width":1005,"image_height":588,"file_reference":{"id":"75ebede0-2a16-45d9-b254-309c0012eadb","type":"internal"},"descriptions":[{"language":{"id":"00000000-0000-0000-0000-000000000000"},"description":null}],"last_modified":"2021-02-24T07:29:50.2649625Z"},{"folder":{"id":"38548727-b7a5-4d1e-bc90-633a2be38257"},"elements":[],"id":"e75e0a40-8988-4c2a-b174-7aa588316e95","codename":"screenshot_png","file_name":"screenshot.png","title":null,"size":30864,"type":"image/png","url":"https://assets-eu-01.kc-usercontent.com/75653ec1-36a2-01e0-0d25-a64799947697/15fcd8b0-e234-416d-adda-79df19375b71/screenshot.png","image_width":921,"image_height":403,"file_reference":{"id":"15fcd8b0-e234-416d-adda-79df19375b71","type":"internal"},"descriptions":[{"language":{"id":"00000000-0000-0000-0000-000000000000"},"description":"Kontent and Statiq boilerplate"}],"last_modified":"2020-11-30T10:49:46.3674793Z"},{"folder":{"id":"90cf324b-8582-4785-98e5-341a500d4c62"},"elements":[],"id":"e853803c-ed79-45d0-8309-34acd5ff33e2","codename":"photon_theme_png","file_name":"photon-theme.PNG","title":null,"size":58493,"type":"image/png","url":"https://assets-eu-01.kc-usercontent.com/75653ec1-36a2-01e0-0d25-a64799947697/58eaeb3b-a16f-43ce-9e83-712716a8214a/photon-theme.PNG","image_width":1026,"image_height":472,"file_reference":{"id":"58eaeb3b-a16f-43ce-9e83-712716a8214a","type":"internal"},"descriptions":[{"language":{"id":"00000000-0000-0000-0000-000000000000"},"description":null}],"last_modified":"2021-07-12T13:16:04.2286683Z"},{"folder":{"id":"90cf324b-8582-4785-98e5-341a500d4c62"},"elements":[],"id":"ebaa9dee-cbf9-460d-9f51-c8ec5c2c880f","codename":"n54f58a80_5c02_11eb_8632_99ca5451927a_png","file_name":"54f58a80-5c02-11eb-8632-99ca5451927a.png","title":null,"size":96888,"type":"image/png","url":"https://assets-eu-01.kc-usercontent.com/75653ec1-36a2-01e0-0d25-a64799947697/0247a187-2c91-4cde-ae33-75021f8943a6/54f58a80-5c02-11eb-8632-99ca5451927a.png","image_width":1200,"image_height":628,"file_reference":{"id":"0247a187-2c91-4cde-ae33-75021f8943a6","type":"internal"},"descriptions":[{"language":{"id":"00000000-0000-0000-0000-000000000000"},"description":null}],"last_modified":"2021-02-24T07:31:25.5168695Z"},{"folder":{"id":"38548727-b7a5-4d1e-bc90-633a2be38257"},"elements":[],"id":"edc8355a-ca92-4779-8321-d2eb68f8878f","codename":"hero_model_png_edc8355","file_name":"Hero model.png","title":null,"size":16215,"type":"image/png","url":"https://assets-eu-01.kc-usercontent.com/75653ec1-36a2-01e0-0d25-a64799947697/0a8f6cbf-9e63-4e14-8ea1-7b04dd7261d3/Hero%20model.png","image_width":1353,"image_height":775,"file_reference":{"id":"0a8f6cbf-9e63-4e14-8ea1-7b04dd7261d3","type":"internal"},"descriptions":[{"language":{"id":"00000000-0000-0000-0000-000000000000"},"description":null}],"last_modified":"2020-11-18T10:52:57.474345Z"},{"folder":{"id":"246be954-0eee-4fbf-b311-3933b2fea586"},"elements":[],"id":"f40ecfae-acbd-4e8b-927c-fd4cb53c41ba","codename":"covering_photo3_jpg","file_name":"covering_photo3.jpg","title":null,"size":2516688,"type":"image/jpeg","url":"https://assets-eu-01.kc-usercontent.com/75653ec1-36a2-01e0-0d25-a64799947697/e8e7550a-53fd-4a5f-a84f-a238aa341e28/covering_photo3.jpg","image_width":3840,"image_height":2160,"file_reference":{"id":"e8e7550a-53fd-4a5f-a84f-a238aa341e28","type":"internal"},"descriptions":[{"language":{"id":"00000000-0000-0000-0000-000000000000"},"description":null}],"last_modified":"2020-08-22T13:27:38.8050346Z"},{"folder":{"id":"246be954-0eee-4fbf-b311-3933b2fea586"},"elements":[],"id":"f546c38d-4475-4982-b559-b9c907062900","codename":"dshzl_duwaeior0_jpg","file_name":"DshZL_dUwAEior0.jpg","title":null,"size":312623,"type":"image/jpeg","url":"https://assets-eu-01.kc-usercontent.com/75653ec1-36a2-01e0-0d25-a64799947697/09ea9cbf-716a-42a4-8f02-9b7f23e73f45/DshZL_dUwAEior0.jpg","image_width":1080,"image_height":1440,"file_reference":{"id":"09ea9cbf-716a-42a4-8f02-9b7f23e73f45","type":"internal"},"descriptions":[{"language":{"id":"00000000-0000-0000-0000-000000000000"},"description":null}],"last_modified":"2020-08-22T13:27:39.2269028Z"},{"folder":{"id":"4518296f-a44e-5a02-8f5f-a45cbd3795f9"},"elements":[],"id":"f81bd3da-1169-41d2-995e-ad01b6107355","codename":"pwa_lighthouse_audit_png_f81bd3d","file_name":"PWA-Lighthouse-audit.png","title":null,"size":69925,"type":"image/png","url":"https://assets-eu-01.kc-usercontent.com/75653ec1-36a2-01e0-0d25-a64799947697/6ef94666-6726-4a06-929a-12016529878b/PWA-Lighthouse-audit.png","image_width":1400,"image_height":800,"file_reference":{"id":"6ef94666-6726-4a06-929a-12016529878b","type":"internal"},"descriptions":[{"language":{"id":"00000000-0000-0000-0000-000000000000"},"description":null}],"last_modified":"2021-01-23T18:54:31.5555128Z"},{"folder":{"id":"246be954-0eee-4fbf-b311-3933b2fea586"},"elements":[],"id":"fcb69f76-0baf-4910-815d-37080f9f5a69","codename":"n1500x500_jpg","file_name":"1500x500.jpg","title":null,"size":154704,"type":"image/jpeg","url":"https://assets-eu-01.kc-usercontent.com/75653ec1-36a2-01e0-0d25-a64799947697/056da3da-79d1-43de-bbe3-f7a97ba33d88/1500x500.jpg","image_width":1500,"image_height":500,"file_reference":{"id":"056da3da-79d1-43de-bbe3-f7a97ba33d88","type":"internal"},"descriptions":[{"language":{"id":"00000000-0000-0000-0000-000000000000"},"description":null}],"last_modified":"2020-08-22T13:27:17.1092486Z"},{"folder":{"id":"90cf324b-8582-4785-98e5-341a500d4c62"},"elements":[],"id":"5a83dab3-dfaa-427c-9589-141f15d0675e","codename":"kontent_java_packages_png","file_name":"kontent-java-packages.png","title":null,"size":54495,"type":"image/png","url":"https://assets-eu-01.kc-usercontent.com/75653ec1-36a2-01e0-0d25-a64799947697/e458c93f-60ba-47e5-a588-588bdcef22a8/kontent-java-packages.png","image_width":1200,"image_height":600,"file_reference":{"id":"e458c93f-60ba-47e5-a588-588bdcef22a8","type":"internal"},"descriptions":[{"language":{"id":"00000000-0000-0000-0000-000000000000"},"description":null}],"last_modified":"2022-05-06T10:24:25.8679092Z"},{"folder":{"id":"90cf324b-8582-4785-98e5-341a500d4c62"},"elements":[],"id":"0c038e15-4844-4d9f-b857-272c12d13473","codename":"screen_png","file_name":"screen.png","title":null,"size":1051742,"type":"image/png","url":"https://assets-eu-01.kc-usercontent.com/75653ec1-36a2-01e0-0d25-a64799947697/d1748218-3f56-4b91-9eec-d501256bebd0/screen.png","image_width":1920,"image_height":969,"file_reference":{"id":"d1748218-3f56-4b91-9eec-d501256bebd0","type":"internal"},"descriptions":[{"language":{"id":"00000000-0000-0000-0000-000000000000"},"description":"Spring Boot application"}],"last_modified":"2022-05-06T11:25:18.8737578Z"},{"folder":{"id":"90cf324b-8582-4785-98e5-341a500d4c62"},"elements":[],"id":"f9e116bd-b795-4908-917d-166815980c7f","codename":"adroid_app_showcase_gif","file_name":"adroid-app-showcase.gif","title":null,"size":8122521,"type":"image/gif","url":"https://assets-eu-01.kc-usercontent.com/75653ec1-36a2-01e0-0d25-a64799947697/63335d06-5930-4095-8b60-fccfa3bbdc1e/adroid-app-showcase.gif","image_width":338,"image_height":600,"file_reference":{"id":"63335d06-5930-4095-8b60-fccfa3bbdc1e","type":"internal"},"descriptions":[{"language":{"id":"00000000-0000-0000-0000-000000000000"},"description":"Android application showcase"}],"last_modified":"2022-05-06T11:25:39.8006137Z"},{"folder":{"id":"38548727-b7a5-4d1e-bc90-633a2be38257"},"collection":{"reference":{"id":"00000000-0000-0000-0000-000000000000"}},"elements":[],"id":"3515e73d-c97c-47f9-98cf-15e380c6e971","codename":"dall_e_2025_02_12_12_54_16___a_high_quality__aesth","file_name":"DALL·E 2025-02-12 12.54.16 - A high-quality, aesthetically pleasing image of TypeScript code with syntax highlighting. The code defines a static method `isComponent` that checks i.webp","title":null,"size":450018,"type":"image/webp","url":"https://assets-eu-01.kc-usercontent.com/75653ec1-36a2-01e0-0d25-a64799947697/b93bddda-3949-49b0-bac3-310f7411d802/DALL%C2%B7E%202025-02-12%2012.54.16%20-%20A%20high-quality%2C%20aesthetically%20pleasing%20image%20of%20TypeScript%20code%20with%20syntax%20highlighting.%20The%20code%20defines%20a%20static%20method%20%60isComponent%60%20that%20checks%20i.webp","image_width":1792,"image_height":1024,"file_reference":{"id":"b93bddda-3949-49b0-bac3-310f7411d802","type":"internal"},"descriptions":[{"language":{"id":"00000000-0000-0000-0000-000000000000"},"description":"Banner for isComponent gotcha"}],"last_modified":"2025-02-12T11:55:25.1388184Z"}]