[{"folder":{"id":"4518296f-a44e-5a02-8f5f-a45cbd3795f9"},"id":"06c38ecd-d6ae-4058-851b-1ba049022398","file_name":"PWA-Lighthouse-audit.png","title":null,"size":81146,"type":"image/png","url":"https://assets-eu-01.kc-usercontent.com/75653ec1-36a2-01e0-0d25-a64799947697/dad65c63-238a-443c-80c8-022ace40d18a/PWA-Lighthouse-audit.png","image_width":1400,"image_height":800,"file_reference":{"id":"dad65c63-238a-443c-80c8-022ace40d18a","type":"internal"},"descriptions":[{"language":{"id":"00000000-0000-0000-0000-000000000000"},"description":null}],"last_modified":"2020-07-06T17:00:21.1549746Z"},{"folder":{"id":"4518296f-a44e-5a02-8f5f-a45cbd3795f9"},"id":"4757b8fa-488f-4ebd-9811-d975667009f6","file_name":"PWA-Lighthouse-in-CI.png","title":null,"size":165878,"type":"image/png","url":"https://assets-eu-01.kc-usercontent.com/75653ec1-36a2-01e0-0d25-a64799947697/7c66ab8d-9b17-46c6-90a8-d72ffdce49b8/PWA-Lighthouse-in-CI.png","image_width":1400,"image_height":1050,"file_reference":{"id":"7c66ab8d-9b17-46c6-90a8-d72ffdce49b8","type":"internal"},"descriptions":[{"language":{"id":"00000000-0000-0000-0000-000000000000"},"description":null}],"last_modified":"2020-07-06T17:00:21.6237408Z"},{"id":"752803e1-1879-4a67-99c7-0cad07aa6041","file_name":"website-icon.png","title":"Ondřej Chrastina","size":181013,"type":"image/png","url":"https://assets-eu-01.kc-usercontent.com/75653ec1-36a2-01e0-0d25-a64799947697/dd8eaa2f-c99e-4e4d-a74c-4c00d3106a5e/website-icon.png","image_width":500,"image_height":500,"file_reference":{"id":"dd8eaa2f-c99e-4e4d-a74c-4c00d3106a5e","type":"internal"},"descriptions":[{"language":{"id":"00000000-0000-0000-0000-000000000000"},"description":"Ondřej Chrastina Profile picture"}],"last_modified":"2020-07-06T17:00:22.0612371Z"},{"folder":{"id":"4518296f-a44e-5a02-8f5f-a45cbd3795f9"},"id":"89110d28-47e9-4399-9817-d0b598072421","file_name":"PWA-Angular+headless-cms.png","title":null,"size":46611,"type":"image/png","url":"https://assets-eu-01.kc-usercontent.com/75653ec1-36a2-01e0-0d25-a64799947697/1dc8efc9-458a-4661-ab9e-ca77679d837c/PWA-Angular+headless-cms.png","image_width":1400,"image_height":600,"file_reference":{"id":"1dc8efc9-458a-4661-ab9e-ca77679d837c","type":"internal"},"descriptions":[{"language":{"id":"00000000-0000-0000-0000-000000000000"},"description":null}],"last_modified":"2020-07-06T17:02:58.2582797Z"}]