[{"id":"4518296f-a44e-5a02-8f5f-a45cbd3795f9","external_id":"b9da2339-633e-4e02-8514-3cf195086d8c","codename":"pwas","name":"PWAs","folders":[]},{"id":"246be954-0eee-4fbf-b311-3933b2fea586","codename":"banners","name":"Banners","folders":[]},{"id":"4decc2ac-2db1-46fc-9e47-8f90ece363f9","codename":"profile_pictures","name":"Profile pictures","folders":[]},{"id":"38548727-b7a5-4d1e-bc90-633a2be38257","codename":"gotchas","name":"Gotchas","folders":[]},{"id":"90cf324b-8582-4785-98e5-341a500d4c62","codename":"projects","name":"Projects","folders":[]}]