[{"id":"f3acfa1c-7e45-44e1-a13a-e24029206252","codename":"listing_page","last_modified":"2020-07-17T15:07:23.8706647Z","name":"Listing page","content_groups":[],"elements":[{"maximum_text_length":null,"name":"Primary text","guidelines":null,"is_required":false,"type":"text","id":"7ed8e7b1-89b3-4664-8250-92c2ae1fefaf","codename":"primary_text"},{"maximum_text_length":null,"name":"Secondary text","guidelines":null,"is_required":false,"type":"text","id":"cdcb999c-f517-4f17-9a39-511d33883e20","codename":"secondary_text"},{"source_url":"https://kontent-custom-element-type-selector.netlify.app","json_parameters":null,"allowed_elements":[],"name":"List types","guidelines":null,"is_required":false,"type":"custom","id":"f8637c75-a176-4e10-b6d8-4072289ff677","codename":"list_types"}]},{"id":"2f3bbacd-add5-4620-9cb0-7517ba953ba5","codename":"navigation_item","last_modified":"2020-07-17T09:13:39.3529469Z","name":"Navigation item","content_groups":[{"id":"80dc52d3-f006-41ea-a18e-be916925a39b","name":"Menu","codename":"menu"},{"id":"a204fff3-395b-4368-a3d3-c5f319c9e8ee","name":"Content","codename":"content"}],"elements":[{"maximum_text_length":null,"name":"Title","guidelines":null,"is_required":true,"type":"text","id":"01280ee0-4a8b-442c-aca9-f4d905f1c085","codename":"title","content_group":{"id":"80dc52d3-f006-41ea-a18e-be916925a39b"}},{"depends_on":{"element":{"id":"01280ee0-4a8b-442c-aca9-f4d905f1c085"}},"name":"Slug","guidelines":null,"is_required":false,"type":"url_slug","id":"338e99e9-577b-4eff-9d4a-21d921e6e129","codename":"slug","content_group":{"id":"80dc52d3-f006-41ea-a18e-be916925a39b"}},{"maximum_text_length":null,"name":"External URL","guidelines":null,"is_required":false,"type":"text","id":"69904730-0368-4422-b1fc-cd7cfe55dce7","codename":"external_url","content_group":{"id":"80dc52d3-f006-41ea-a18e-be916925a39b"}},{"item_count_limit":null,"allowed_content_types":[{"id":"2f3bbacd-add5-4620-9cb0-7517ba953ba5"}],"name":"Sub items","guidelines":null,"is_required":false,"type":"modular_content","id":"9d91ba0e-1ee0-4b5c-9f15-f9c54323e2eb","codename":"sub_items","content_group":{"id":"80dc52d3-f006-41ea-a18e-be916925a39b"}},{"item_count_limit":{"value":1,"condition":"at_most"},"allowed_content_types":[{"id":"841131ef-2c18-4d32-b85c-a5012adab135"},{"id":"d283fa92-652e-408d-817d-3ca64e4598b4"},{"id":"2f068668-8e36-4315-8685-bd2d9b5f5232"},{"id":"f3acfa1c-7e45-44e1-a13a-e24029206252"}],"name":"Content page","guidelines":null,"is_required":false,"type":"modular_content","id":"9e2b4956-d362-4d80-8903-15193b29f61a","codename":"content_page","content_group":{"id":"a204fff3-395b-4368-a3d3-c5f319c9e8ee"}}]},{"id":"0b02ddd1-53df-5138-8ad1-e4ed1d8214f5","codename":"keyword","last_modified":"2020-07-06T17:00:20.1393744Z","external_id":"82c20f63-9591-4bfa-94c5-60bec8eaf06b","name":"Keyword","content_groups":[],"elements":[{"maximum_text_length":null,"name":"Keyword","guidelines":null,"is_required":false,"type":"text","external_id":"371a612f-3939-48d4-9804-c5276bf16158","id":"930dc5eb-a4b8-5106-8bac-961c8b2cc6e0","codename":"keyword"}]},{"id":"d0b31a99-6076-4982-a0ec-9364ae984118","codename":"gotcha","last_modified":"2020-07-31T10:44:39.6511528Z","name":"Gotcha","content_groups":[],"elements":[{"maximum_text_length":null,"name":"Title","guidelines":null,"is_required":false,"type":"text","id":"7b39040d-e407-477a-8e85-9bf2c6f4330d","codename":"title"},{"depends_on":{"element":{"id":"7b39040d-e407-477a-8e85-9bf2c6f4330d"}},"name":"URL slug","guidelines":null,"is_required":false,"type":"url_slug","id":"7ba70753-1dd7-402a-8dbe-c1f9a42eceb7","codename":"url_slug"},{"name":"Post date","guidelines":null,"is_required":false,"type":"date_time","id":"65733ddd-86d5-4162-b414-55cb9cd8d7b4","codename":"post_date"},{"asset_count_limit":null,"maximum_file_size":null,"allowed_file_types":"any","image_width_limit":null,"image_height_limit":null,"name":"Image","guidelines":null,"is_required":false,"type":"asset","id":"21d0af66-079c-455e-bf63-676478ec7539","codename":"image"},{"maximum_text_length":null,"maximum_image_size":null,"allowed_content_types":[],"image_width_limit":null,"image_height_limit":null,"allowed_image_types":"any","allowed_blocks":[],"allowed_formatting":[],"allowed_text_blocks":[],"allowed_table_blocks":[],"allowed_table_formatting":[],"allowed_table_text_blocks":[],"name":"Summary","guidelines":null,"is_required":false,"type":"rich_text","id":"52121e22-cdfd-4712-962f-bda0dd291705","codename":"summary"},{"maximum_text_length":null,"maximum_image_size":null,"allowed_content_types":[],"image_width_limit":null,"image_height_limit":null,"allowed_image_types":"any","allowed_blocks":[],"allowed_formatting":[],"allowed_text_blocks":[],"allowed_table_blocks":[],"allowed_table_formatting":[],"allowed_table_text_blocks":[],"name":"Content","guidelines":null,"is_required":false,"type":"rich_text","id":"c0bdf8a5-7082-493c-adb0-8de6f9316477","codename":"content"},{"guidelines":"Define what channel is the item meant to be used","taxonomy_group":{"id":"31bf9c1a-31e8-43f1-b20b-b901d0548cfe"},"is_required":false,"type":"taxonomy","id":"3f11a982-46e1-4a87-a034-ea9157596c94","codename":"channel_purpose"}]},{"id":"aaacf8a7-6ced-4cfb-a80e-4f08c2f31cc7","codename":"button","last_modified":"2020-07-06T17:29:59.890453Z","name":"Button","content_groups":[],"elements":[{"maximum_text_length":null,"name":"Title","guidelines":null,"is_required":false,"type":"text","id":"72e76134-4fc3-408f-9a17-2723b6cc0c13","codename":"title"},{"maximum_text_length":null,"name":"Icon","guidelines":null,"is_required":false,"type":"text","id":"f722277f-74da-4f54-b7bd-bff7d0cac77e","codename":"icon"},{"item_count_limit":{"value":1,"condition":"at_most"},"allowed_content_types":[{"id":"2f3bbacd-add5-4620-9cb0-7517ba953ba5"}],"name":"Link to","guidelines":null,"is_required":false,"type":"modular_content","id":"027b14d4-ac32-4ee5-88ad-cedadc4e021f","codename":"link_to"},{"maximum_text_length":null,"name":"External URL","guidelines":null,"is_required":false,"type":"text","id":"4fb55c53-4733-4b0d-846a-fee0e67f6bbe","codename":"external_url"}]},{"id":"d283fa92-652e-408d-817d-3ca64e4598b4","codename":"home_page","last_modified":"2020-07-06T17:30:47.5721469Z","name":"Home page","content_groups":[],"elements":[{"asset_count_limit":null,"maximum_file_size":null,"allowed_file_types":"any","image_width_limit":null,"image_height_limit":null,"name":"Profile photo","guidelines":null,"is_required":false,"type":"asset","id":"72e934ae-ab1a-4567-a714-31077951afdf","codename":"profile_photo"},{"maximum_text_length":null,"name":"Primary text","guidelines":null,"is_required":false,"type":"text","id":"4452669b-429a-4fe7-97f9-731b95227bda","codename":"primary_text"},{"maximum_text_length":null,"name":"Secondary text","guidelines":null,"is_required":false,"type":"text","id":"77267681-d44b-47e7-8afa-ba8ee324fe79","codename":"secondary_text"},{"item_count_limit":null,"allowed_content_types":[{"id":"aaacf8a7-6ced-4cfb-a80e-4f08c2f31cc7"}],"name":"CTA","guidelines":null,"is_required":false,"type":"modular_content","id":"5341a9ad-f9aa-4d84-bd0e-828a63ed900e","codename":"cta"}]},{"id":"5a7c4426-107f-4150-b59e-da87742e6424","codename":"code_snippet","last_modified":"2020-07-24T07:35:12.5589346Z","name":"Code snippet","content_groups":[],"elements":[{"source_url":"https://kontent-custom-element-ace-code-editor.netlify.app","json_parameters":null,"allowed_elements":[],"name":"Code","guidelines":null,"is_required":true,"type":"custom","id":"3da645f8-b28e-49a9-999b-2900ba01ca69","codename":"code"}]},{"id":"c8875e73-dac9-5167-8e75-d8c92eca4192","codename":"footer","last_modified":"2020-07-06T17:00:20.7018709Z","external_id":"198e4dd5-14cf-48b0-9672-abf0df108f30","name":"Footer","content_groups":[],"elements":[{"maximum_text_length":null,"maximum_image_size":null,"allowed_content_types":[],"image_width_limit":null,"image_height_limit":null,"allowed_image_types":"any","allowed_blocks":[],"allowed_formatting":[],"allowed_text_blocks":[],"allowed_table_blocks":["text"],"allowed_table_formatting":[],"allowed_table_text_blocks":["paragraph"],"name":"Footer Text","guidelines":null,"is_required":false,"type":"rich_text","external_id":"a86ac759-c04c-42e9-8560-eb79a01887d2","id":"1359d4f5-1b6c-5cc5-8b34-c922a3d7c9ad","codename":"footer_text"},{"item_count_limit":null,"allowed_content_types":[{"id":"29963177-ecc0-53e5-8208-6cd358aa5bea"}],"name":"Social Media Accounts","guidelines":null,"is_required":false,"type":"modular_content","external_id":"ad1359b3-596e-4a2c-b856-844fabf6b015","id":"98416e82-9994-5ec5-bf21-a83461fad469","codename":"social_media_accounts"}]},{"id":"79531aef-24d1-54be-9c8d-7ae4efcece09","codename":"social_media_type","last_modified":"2020-07-10T08:49:31.1592321Z","external_id":"502d3079-49d6-4967-8e1f-10d8d2582759","name":"Social Media Type","content_groups":[],"elements":[{"maximum_text_length":null,"name":"Label","guidelines":null,"is_required":false,"type":"text","id":"13bbce93-d245-46bf-90d7-8396d4ceb134","codename":"label"},{"maximum_text_length":null,"name":"Account pattern","guidelines":"Fill with the social media profile link pattern you want to render with \"%s\" instead of the social media handle i.r. https://github.com/%s for GitHub","is_required":false,"type":"text","external_id":"b78007ac-452a-4f3a-9022-b5c895a4738a","id":"f81941ad-96f0-5222-bc4c-f731e6441e6a","codename":"account_pattern"},{"maximum_text_length":null,"name":"Account Icon Code","guidelines":"Place the code name of the Icon i.e. \"fa-github\" for font awesome GitHub icon","is_required":false,"type":"text","external_id":"f34f3ab1-a5e5-4db8-8f31-08599e7607c9","id":"3136a1eb-a5ba-588c-9d95-9cdfdeccd6da","codename":"account_icon_code"},{"asset_count_limit":null,"maximum_file_size":null,"allowed_file_types":"any","image_width_limit":null,"image_height_limit":null,"name":"Account Icon","guidelines":null,"is_required":false,"type":"asset","external_id":"04fdb087-629d-4968-a0c5-546202afb583","id":"d61dd1df-a24b-5ec8-8d43-d575a83a41f9","codename":"account_icon"}]},{"id":"dea27172-7d4d-595f-ba05-fa29cee6bebb","codename":"layout","last_modified":"2020-07-24T12:00:04.366367Z","external_id":"ec0fa2d9-f8d6-4719-a5e5-16b0563a430b","name":"Layout","content_groups":[{"id":"077f75b7-0112-5a9f-855f-2750f53b2498","name":"Content","codename":"content"},{"id":"41a9ca91-5f9b-5ae3-abd1-4a3989dee696","name":"SEO","codename":"seo"}],"elements":[{"item_count_limit":{"value":1,"condition":"at_most"},"allowed_content_types":[{"id":"45827c3e-6794-5105-8be2-a6b3c9d27a2b"}],"name":"Header","guidelines":null,"is_required":false,"type":"modular_content","external_id":"eab6f75f-7aec-467d-8c0a-545e91b6070c","id":"aa6cc0c1-7f12-5ec4-8eb4-d5033a4922f0","codename":"header","content_group":{"id":"077f75b7-0112-5a9f-855f-2750f53b2498"}},{"item_count_limit":{"value":1,"condition":"at_most"},"allowed_content_types":[{"id":"c8875e73-dac9-5167-8e75-d8c92eca4192"}],"name":"Footer","guidelines":null,"is_required":false,"type":"modular_content","external_id":"cd283713-2e1c-4f43-b6c0-98721b565d8f","id":"f2dfbc30-2cc3-52c5-9d78-13925afa7386","codename":"footer","content_group":{"id":"077f75b7-0112-5a9f-855f-2750f53b2498"}},{"maximum_text_length":{"value":60,"applies_to":"characters"},"name":"Title","guidelines":null,"is_required":true,"type":"text","external_id":"b5e4dafc-e060-41d4-b620-009bea89315e","id":"52489a95-d504-59e7-9618-36147a6ec420","codename":"title","content_group":{"id":"41a9ca91-5f9b-5ae3-abd1-4a3989dee696"}},{"maximum_text_length":{"value":160,"applies_to":"characters"},"name":"Meta Description","guidelines":null,"is_required":true,"type":"text","external_id":"c73965ca-e857-4720-aa77-fea828ac99ed","id":"c12eb9f5-7d58-5bb1-ad36-08d9db6c6e80","codename":"meta_description","content_group":{"id":"41a9ca91-5f9b-5ae3-abd1-4a3989dee696"}},{"item_count_limit":null,"allowed_content_types":[{"id":"0b02ddd1-53df-5138-8ad1-e4ed1d8214f5"}],"name":"Keywords","guidelines":null,"is_required":false,"type":"modular_content","external_id":"f4664f5d-e046-4795-9cb3-cd13829e7baf","id":"4cdcb410-44b6-51c3-9c03-daa12e9048a1","codename":"keywords","content_group":{"id":"41a9ca91-5f9b-5ae3-abd1-4a3989dee696"}},{"maximum_text_length":null,"name":"Site URL","guidelines":null,"is_required":false,"type":"text","id":"3e709a6b-604e-4bfe-aa68-0ae1fba7bfd0","codename":"site_url","content_group":{"id":"41a9ca91-5f9b-5ae3-abd1-4a3989dee696"}},{"asset_count_limit":null,"maximum_file_size":null,"allowed_file_types":"adjustable","image_width_limit":null,"image_height_limit":null,"name":"Image","guidelines":null,"is_required":false,"type":"asset","external_id":"2e5947a6-4779-43f1-bb6b-cef4348517f7","id":"0e5d1ebf-6864-5f75-bb74-3cb69ed08f4d","codename":"image","content_group":{"id":"41a9ca91-5f9b-5ae3-abd1-4a3989dee696"}}]},{"id":"5f798482-82aa-5cea-9d38-bd7efc159e1b","codename":"link","last_modified":"2020-07-06T17:00:20.4674721Z","external_id":"9820d8be-f267-4de6-8d9e-9f8c7fe1d23a","name":"Link","content_groups":[],"elements":[{"maximum_text_length":null,"name":"Text","guidelines":null,"is_required":true,"type":"text","external_id":"52593e33-28da-4efe-bd37-4d48b333ecbf","id":"714ab3b1-cb6f-5cde-b9c4-80270a0c5f8e","codename":"text"},{"maximum_text_length":null,"name":"URL","guidelines":null,"is_required":false,"type":"text","external_id":"a25458ec-053d-4ae7-9c4f-fbde1b10bded","id":"a90fb49a-c31d-55c2-a9b3-a7055e6a6a74","codename":"url"}]},{"id":"45827c3e-6794-5105-8be2-a6b3c9d27a2b","codename":"header","last_modified":"2020-07-06T17:37:22.2080975Z","external_id":"69c88c75-6ae9-4ba2-a5d9-0c9799a53829","name":"Header","content_groups":[],"elements":[{"item_count_limit":{"value":1,"condition":"at_most"},"allowed_content_types":[{"id":"5f798482-82aa-5cea-9d38-bd7efc159e1b"}],"name":"Title Link","guidelines":null,"is_required":false,"type":"modular_content","external_id":"2286c904-5ac3-4b04-9a6b-96f2b863f03d","id":"3d7f84a7-450e-594c-9eb9-d64fcd5a896a","codename":"title_link"},{"maximum_text_length":null,"name":"Menu Caption","guidelines":null,"is_required":false,"type":"text","external_id":"9f40c6a8-bfed-4ed5-b5ec-f9b635b8a961","id":"9afcd321-22c8-5e24-9b96-513c3b82a49c","codename":"menu_caption"},{"item_count_limit":null,"allowed_content_types":[{"id":"2f3bbacd-add5-4620-9cb0-7517ba953ba5"}],"name":"Menu Items","guidelines":null,"is_required":false,"type":"modular_content","external_id":"2e7105d7-37e1-4211-bee9-f205f9a392b9","id":"8f7428e4-d77c-595a-95ae-2544ad40e072","codename":"menu"}]},{"id":"841131ef-2c18-4d32-b85c-a5012adab135","codename":"sections_page","last_modified":"2020-07-06T19:33:48.5885777Z","name":"Sections page","content_groups":[],"elements":[{"maximum_text_length":null,"name":"Header","guidelines":null,"is_required":false,"type":"text","id":"4ce933e5-0c2c-467d-b8ca-12a1a25e4613","codename":"header"},{"maximum_text_length":null,"maximum_image_size":null,"allowed_content_types":[],"image_width_limit":null,"image_height_limit":null,"allowed_image_types":"any","allowed_blocks":[],"allowed_formatting":[],"allowed_text_blocks":[],"allowed_table_blocks":[],"allowed_table_formatting":[],"allowed_table_text_blocks":[],"name":"Summary","guidelines":null,"is_required":false,"type":"rich_text","id":"53519c65-2125-4b95-8b97-2209460f3413","codename":"summary"},{"item_count_limit":null,"allowed_content_types":[{"id":"2c49aae8-929f-4528-9f14-cb8bc809e77b"}],"name":"Sections","guidelines":null,"is_required":false,"type":"modular_content","id":"7c80b0a6-d5a9-4dff-a8a4-04484ebe51e4","codename":"sections"}]},{"id":"29963177-ecc0-53e5-8208-6cd358aa5bea","codename":"social_media_account","last_modified":"2020-07-06T17:00:20.8112283Z","external_id":"e1a86be0-112e-40a7-902b-fb4ffe524409","name":"Social Media Account","content_groups":[],"elements":[{"maximum_text_length":null,"name":"Account Handle","guidelines":null,"is_required":true,"type":"text","external_id":"f9951ed7-40f3-433c-a785-a08b06408042","id":"0db3b67d-23bc-5313-a036-bb9dc9bab0c6","codename":"account_handle"},{"item_count_limit":{"value":1,"condition":"exactly"},"allowed_content_types":[{"id":"79531aef-24d1-54be-9c8d-7ae4efcece09"}],"name":"Social Media Type","guidelines":null,"is_required":true,"type":"modular_content","external_id":"eef4ac34-c79a-4062-8ce3-d8b712ba1eee","id":"1bf21e3e-d053-5949-8e3b-60ad208e8d9a","codename":"social_media_type"}]},{"id":"2c49aae8-929f-4528-9f14-cb8bc809e77b","codename":"section","last_modified":"2020-07-06T17:36:21.9414496Z","name":"Section","content_groups":[],"elements":[{"maximum_text_length":null,"name":"Header","guidelines":null,"is_required":false,"type":"text","id":"11ffc909-4362-47af-9d46-1cc41fa21776","codename":"header"},{"asset_count_limit":null,"maximum_file_size":null,"allowed_file_types":"any","image_width_limit":null,"image_height_limit":null,"name":"Image","guidelines":null,"is_required":false,"type":"asset","id":"bc197113-3c91-4fa2-909f-5e74fee4e1cf","codename":"image"},{"maximum_text_length":null,"maximum_image_size":null,"allowed_content_types":[],"image_width_limit":null,"image_height_limit":null,"allowed_image_types":"any","allowed_blocks":[],"allowed_formatting":[],"allowed_text_blocks":[],"allowed_table_blocks":[],"allowed_table_formatting":[],"allowed_table_text_blocks":[],"name":"Content","guidelines":null,"is_required":false,"type":"rich_text","id":"0bc606dd-d572-4bd0-a988-edb662aeb54e","codename":"content"},{"item_count_limit":null,"allowed_content_types":[{"id":"aaacf8a7-6ced-4cfb-a80e-4f08c2f31cc7"}],"name":"CTA","guidelines":null,"is_required":false,"type":"modular_content","id":"1101a62d-1d9e-4212-b6bb-3b6235db1fe8","codename":"cta"}]},{"id":"2f068668-8e36-4315-8685-bd2d9b5f5232","codename":"generic_page","last_modified":"2020-07-06T17:32:22.439484Z","name":"Generic page","content_groups":[],"elements":[{"maximum_text_length":null,"name":"Header","guidelines":null,"is_required":false,"type":"text","id":"d8cd3cbe-54c0-4f1d-adb0-d820a1d83fae","codename":"header"},{"asset_count_limit":null,"maximum_file_size":null,"allowed_file_types":"any","image_width_limit":null,"image_height_limit":null,"name":"Main image","guidelines":null,"is_required":false,"type":"asset","id":"11d082eb-c021-464f-b296-672da0d03334","codename":"main_image"},{"maximum_text_length":null,"maximum_image_size":null,"allowed_content_types":[],"image_width_limit":null,"image_height_limit":null,"allowed_image_types":"any","allowed_blocks":[],"allowed_formatting":[],"allowed_text_blocks":[],"allowed_table_blocks":[],"allowed_table_formatting":[],"allowed_table_text_blocks":[],"name":"Content","guidelines":null,"is_required":false,"type":"rich_text","id":"52396a03-3ea7-4424-8f91-c67b910a58eb","codename":"content"}]}]