[{"id":"dc963b49-201d-49cb-b819-fb10efd3856e","name":"GitHub","codename":"github","type":{"id":"79531aef-24d1-54be-9c8d-7ae4efcece09"},"collection":{"id":"00000000-0000-0000-0000-000000000000"},"spaces":[],"sitemap_locations":[],"last_modified":"2020-07-06T17:14:03.7305263Z"},{"id":"61693fd1-e48c-4dd9-b509-16e34e898004","name":"Simply007 GitHub Account","codename":"simply007_github_account","type":{"id":"29963177-ecc0-53e5-8208-6cd358aa5bea"},"collection":{"id":"00000000-0000-0000-0000-000000000000"},"spaces":[],"sitemap_locations":[],"last_modified":"2020-07-06T17:14:33.8333753Z"},{"id":"f1d9f320-e59c-41ce-b18b-600b43635655","name":"Default Layout","codename":"default_layout","type":{"id":"dea27172-7d4d-595f-ba05-fa29cee6bebb"},"collection":{"id":"00000000-0000-0000-0000-000000000000"},"spaces":[],"sitemap_locations":[],"last_modified":"2020-07-06T17:15:39.6716843Z"},{"id":"10dcabb6-a29f-4bf8-8c57-67c5d287fa36","name":"Ondřej Chrastina","codename":"ondrej_chrastina","type":{"id":"0b02ddd1-53df-5138-8ad1-e4ed1d8214f5"},"collection":{"id":"00000000-0000-0000-0000-000000000000"},"spaces":[],"sitemap_locations":[],"last_modified":"2020-07-06T17:16:03.6110543Z"},{"id":"e0dc63ca-726b-4a5c-8d0f-63bea1a167ba","name":"Personal Site","codename":"personal_site","type":{"id":"0b02ddd1-53df-5138-8ad1-e4ed1d8214f5"},"collection":{"id":"00000000-0000-0000-0000-000000000000"},"spaces":[],"sitemap_locations":[],"last_modified":"2020-07-06T17:16:15.2409977Z"},{"id":"fc8880fc-ec97-4163-a434-a74a804925c0","name":"Portfolio","codename":"portfolio","type":{"id":"0b02ddd1-53df-5138-8ad1-e4ed1d8214f5"},"collection":{"id":"00000000-0000-0000-0000-000000000000"},"spaces":[],"sitemap_locations":[],"last_modified":"2020-07-06T17:16:31.1721412Z"},{"id":"7b6e99e3-30ba-49e4-90b1-064a08a3acf4","name":"Default Header","codename":"default_header","type":{"id":"45827c3e-6794-5105-8be2-a6b3c9d27a2b"},"collection":{"id":"00000000-0000-0000-0000-000000000000"},"spaces":[],"sitemap_locations":[],"last_modified":"2020-07-06T17:17:09.434219Z"},{"id":"4324ab06-f5e6-4990-b04f-a5058782542b","name":"Ondřej Chrastina","codename":"ondrej_chrastina_4324ab0","type":{"id":"5f798482-82aa-5cea-9d38-bd7efc159e1b"},"collection":{"id":"00000000-0000-0000-0000-000000000000"},"spaces":[],"sitemap_locations":[],"last_modified":"2020-07-06T17:17:34.260889Z"},{"id":"5330079d-083f-478c-84e8-051430b61d6f","name":"Home","codename":"home","type":{"id":"2f3bbacd-add5-4620-9cb0-7517ba953ba5"},"collection":{"id":"00000000-0000-0000-0000-000000000000"},"spaces":[],"sitemap_locations":[],"last_modified":"2020-07-06T17:38:10.2221139Z"},{"id":"b0f5d4d6-fe0e-4191-b235-57d863d244b8","name":"Home page","codename":"home_page","type":{"id":"d283fa92-652e-408d-817d-3ca64e4598b4"},"collection":{"id":"00000000-0000-0000-0000-000000000000"},"spaces":[],"sitemap_locations":[],"last_modified":"2020-07-06T17:39:54.7889222Z"},{"id":"d6d367ba-fa4d-40be-9eb3-a6e229109b68","name":"Follow me - twitter","codename":"follow_me___twitter","type":{"id":"aaacf8a7-6ced-4cfb-a80e-4f08c2f31cc7"},"collection":{"id":"00000000-0000-0000-0000-000000000000"},"spaces":[],"sitemap_locations":[],"last_modified":"2020-07-06T17:40:30.8399278Z"},{"id":"03ee84a9-6912-42f3-902f-bf027bd1e1da","name":"PWA series","codename":"pwa_series","type":{"id":"2f3bbacd-add5-4620-9cb0-7517ba953ba5"},"collection":{"id":"00000000-0000-0000-0000-000000000000"},"spaces":[],"sitemap_locations":[],"last_modified":"2020-07-06T19:29:02.1783564Z"},{"id":"e6d44c7c-b4b8-4467-988c-0a24959cf634","name":"Progressive Web Apps series","codename":"progressive_web_apps_series","type":{"id":"841131ef-2c18-4d32-b85c-a5012adab135"},"collection":{"id":"00000000-0000-0000-0000-000000000000"},"spaces":[],"sitemap_locations":[],"last_modified":"2020-07-06T19:29:35.9559875Z"},{"id":"3cbcf864-56e8-498a-af79-b565d227cebb","name":"My findings","codename":"my_findings","type":{"id":"2c49aae8-929f-4528-9f14-cb8bc809e77b"},"collection":{"id":"00000000-0000-0000-0000-000000000000"},"spaces":[],"sitemap_locations":[],"last_modified":"2020-07-06T19:30:07.3199751Z"},{"id":"292866ae-9ad6-45b4-9ebf-ca081dfd5a83","name":"How to create a progressive web app featuring Angular and headless CMS","codename":"how_to_create_a_progressive_web_app_featuring_angu","type":{"id":"2c49aae8-929f-4528-9f14-cb8bc809e77b"},"collection":{"id":"00000000-0000-0000-0000-000000000000"},"spaces":[],"sitemap_locations":[],"last_modified":"2020-07-06T19:34:04.0422911Z"},{"id":"019f7ad3-50de-4f1c-8e79-364cdfd8ed24","name":"How to create a progressive web app featuring Angular and headless CMS","codename":"how_to_create_a_progressive_web_app_featuring_angu_019f7ad","type":{"id":"aaacf8a7-6ced-4cfb-a80e-4f08c2f31cc7"},"collection":{"id":"00000000-0000-0000-0000-000000000000"},"spaces":[],"sitemap_locations":[],"last_modified":"2020-07-06T19:36:20.5828513Z"},{"id":"0c6bbe9a-6f42-41bd-bb5f-97f4b20791ab","name":"How to tune up your Progressive Web App to get a perfect audit score","codename":"how_to_tune_up_your_progressive_web_app_to_get_a_p","type":{"id":"2c49aae8-929f-4528-9f14-cb8bc809e77b"},"collection":{"id":"00000000-0000-0000-0000-000000000000"},"spaces":[],"sitemap_locations":[],"last_modified":"2020-07-06T19:38:22.4670894Z"},{"id":"ce779c53-ad6c-4187-b16a-c705af296f94","name":"How to tune up your Progressive Web App to get a perfect audit score","codename":"how_to_tune_up_your_progressive_web_app_to_get_a_p_ce779c5","type":{"id":"aaacf8a7-6ced-4cfb-a80e-4f08c2f31cc7"},"collection":{"id":"00000000-0000-0000-0000-000000000000"},"spaces":[],"sitemap_locations":[],"last_modified":"2020-07-06T19:38:47.1365907Z"},{"id":"f608d1eb-3296-43d8-86de-38d32e6ae342","name":"How to make sure your Progressive Web App keeps its Lighthouse audit","codename":"how_to_make_sure_your_progressive_web_app_keeps_it","type":{"id":"2c49aae8-929f-4528-9f14-cb8bc809e77b"},"collection":{"id":"00000000-0000-0000-0000-000000000000"},"spaces":[],"sitemap_locations":[],"last_modified":"2020-07-06T19:39:58.9264444Z"},{"id":"3a8c7aa2-0d5f-4d7c-8b12-cb462612d667","name":"How to make sure your Progressive Web App keeps its Lighthouse audit","codename":"how_to_make_sure_your_progressive_web_app_keeps_it_3a8c7aa","type":{"id":"aaacf8a7-6ced-4cfb-a80e-4f08c2f31cc7"},"collection":{"id":"00000000-0000-0000-0000-000000000000"},"spaces":[],"sitemap_locations":[],"last_modified":"2020-07-06T19:40:27.5867438Z"},{"id":"401ced62-406c-4789-9b42-d1a26e64f452","name":"Default Footer","codename":"default_footer","type":{"id":"c8875e73-dac9-5167-8e75-d8c92eca4192"},"collection":{"id":"00000000-0000-0000-0000-000000000000"},"spaces":[],"sitemap_locations":[],"last_modified":"2020-07-06T20:15:03.1597554Z"},{"id":"2628b07b-ebde-44be-bc67-152a860fc5d8","name":"Twitter - ChrastinaOndrej","codename":"twitter___chrastinaondrej","type":{"id":"29963177-ecc0-53e5-8208-6cd358aa5bea"},"collection":{"id":"00000000-0000-0000-0000-000000000000"},"spaces":[],"sitemap_locations":[],"last_modified":"2020-07-06T19:47:22.9700211Z"},{"id":"3fef5905-8412-4849-9080-f724c7d5e28e","name":"Twitter","codename":"twitter","type":{"id":"79531aef-24d1-54be-9c8d-7ae4efcece09"},"collection":{"id":"00000000-0000-0000-0000-000000000000"},"spaces":[],"sitemap_locations":[],"last_modified":"2020-07-06T19:47:35.7994988Z"},{"id":"0654043e-d24b-44ae-a639-6adc078b6e7c","name":"Linkedin - ondrejchrastina","codename":"linkedin___ondrejchrastina","type":{"id":"29963177-ecc0-53e5-8208-6cd358aa5bea"},"collection":{"id":"00000000-0000-0000-0000-000000000000"},"spaces":[],"sitemap_locations":[],"last_modified":"2020-07-06T19:50:06.0428362Z"},{"id":"926acd52-1b31-40d5-a179-916ae8672d71","name":"LinkedIn","codename":"linkedin","type":{"id":"79531aef-24d1-54be-9c8d-7ae4efcece09"},"collection":{"id":"00000000-0000-0000-0000-000000000000"},"spaces":[],"sitemap_locations":[],"last_modified":"2020-07-10T08:50:04.9901321Z"},{"id":"8f4e9a43-b0b4-4e57-a388-4ee8229f4e14","name":"Facebook - 0ndrejek","codename":"facebook","type":{"id":"29963177-ecc0-53e5-8208-6cd358aa5bea"},"collection":{"id":"00000000-0000-0000-0000-000000000000"},"spaces":[],"sitemap_locations":[],"last_modified":"2020-07-06T19:53:29.7391889Z"},{"id":"0fdddd30-172e-465f-9d0e-b4834ac667f0","name":"Facebook","codename":"facebook_0fdddd3","type":{"id":"79531aef-24d1-54be-9c8d-7ae4efcece09"},"collection":{"id":"00000000-0000-0000-0000-000000000000"},"spaces":[],"sitemap_locations":[],"last_modified":"2020-07-06T19:52:55.0203633Z"},{"id":"d3fa56c0-2fb8-4168-8af8-58fec7e5a878","name":"Instagram - 0.ndrej","codename":"instagram","type":{"id":"29963177-ecc0-53e5-8208-6cd358aa5bea"},"collection":{"id":"00000000-0000-0000-0000-000000000000"},"spaces":[],"sitemap_locations":[],"last_modified":"2020-07-06T19:54:34.8561769Z"},{"id":"661ce1dd-44ff-420c-91ca-e41f56f1ec66","name":"Instagram","codename":"instagram_661ce1d","type":{"id":"79531aef-24d1-54be-9c8d-7ae4efcece09"},"collection":{"id":"00000000-0000-0000-0000-000000000000"},"spaces":[],"sitemap_locations":[],"last_modified":"2020-07-06T19:54:15.0360834Z"},{"id":"31a0975c-8738-4904-a12c-cfe521bbfa4f","name":"GitHub","codename":"github_31a0975","type":{"id":"2f3bbacd-add5-4620-9cb0-7517ba953ba5"},"collection":{"id":"00000000-0000-0000-0000-000000000000"},"spaces":[],"sitemap_locations":[],"last_modified":"2020-07-10T08:17:33.6494929Z"},{"id":"2905e906-52b7-46cf-847e-edcdff7b0566","name":"Journal","codename":"journal","type":{"id":"2f3bbacd-add5-4620-9cb0-7517ba953ba5"},"collection":{"id":"00000000-0000-0000-0000-000000000000"},"spaces":[],"sitemap_locations":[],"last_modified":"2020-07-17T08:37:29.9080651Z"},{"id":"35271f4e-6f04-4128-a89d-35f2652f9771","name":"Journal","codename":"journal_35271f4","type":{"id":"f3acfa1c-7e45-44e1-a13a-e24029206252"},"collection":{"id":"00000000-0000-0000-0000-000000000000"},"spaces":[],"sitemap_locations":[],"last_modified":"2020-07-17T15:07:54.0082118Z"},{"id":"75198bf5-4512-4604-88e5-95c6419052c4","name":"JS \"map\" in Java","codename":"js__map__in_java","type":{"id":"d0b31a99-6076-4982-a0ec-9364ae984118"},"collection":{"id":"00000000-0000-0000-0000-000000000000"},"spaces":[],"sitemap_locations":[],"last_modified":"2020-07-24T07:24:11.6391141Z"},{"id":"9179873e-5a37-4308-8f96-dbf0fd079e6b","name":"Find and kill process occupying your port - Windows","codename":"find_and_kill_process_occupying_your_port___window","type":{"id":"d0b31a99-6076-4982-a0ec-9364ae984118"},"collection":{"id":"00000000-0000-0000-0000-000000000000"},"spaces":[],"sitemap_locations":[],"last_modified":"2020-07-27T07:49:50.6971425Z"},{"id":"0e01ec9a-78d7-49e7-a50c-be4e436b2fd0","name":"Specify folder when uploading Asset via Kontent JS Management SDK","codename":"specify_folder_when_uploading_asset_via_kontent_js","type":{"id":"d0b31a99-6076-4982-a0ec-9364ae984118"},"collection":{"id":"00000000-0000-0000-0000-000000000000"},"spaces":[],"sitemap_locations":[],"last_modified":"2020-07-31T12:14:16.4983402Z"},{"id":"5dc6b56b-33e5-43ac-8834-00734b67f385","name":"Filter by selected categories","codename":"filter_by_selected_categories","type":{"id":"d0b31a99-6076-4982-a0ec-9364ae984118"},"collection":{"id":"00000000-0000-0000-0000-000000000000"},"spaces":[],"sitemap_locations":[],"last_modified":"2020-08-21T13:02:39.83181Z"},{"id":"c1f523b3-3dd3-4406-b36f-adc7c9507a79","name":"Gatsby Preview with Kontent - locally","codename":"gatsby_preview_with_kontent___locally","type":{"id":"d0b31a99-6076-4982-a0ec-9364ae984118"},"collection":{"id":"00000000-0000-0000-0000-000000000000"},"spaces":[],"sitemap_locations":[],"last_modified":"2020-08-21T13:10:28.6874693Z"},{"id":"fa214200-ea60-403f-b2ec-7b83fa21c6a0","name":"Gatsby dev server on Heroku","codename":"gatsby_dev_server_on_heroku","type":{"id":"d0b31a99-6076-4982-a0ec-9364ae984118"},"collection":{"id":"00000000-0000-0000-0000-000000000000"},"spaces":[],"sitemap_locations":[],"last_modified":"2020-08-21T13:11:20.5788022Z"},{"id":"7db7b953-27a3-448d-bedf-466400f35330","name":"Twitter SEO meta tags hint","codename":"og_images_fail","type":{"id":"d0b31a99-6076-4982-a0ec-9364ae984118"},"collection":{"id":"00000000-0000-0000-0000-000000000000"},"spaces":[],"sitemap_locations":[],"last_modified":"2020-09-29T11:45:34.4828028Z"},{"id":"c992832f-9ce8-42c0-b4d2-3581bc015333","name":"Webspotlight root","codename":"homepage","type":{"id":"bbbf25d6-6106-4594-bfd0-c8234829bba8"},"collection":{"id":"00000000-0000-0000-0000-000000000000"},"spaces":[],"sitemap_locations":[],"last_modified":"2020-08-28T20:05:12.5553561Z"},{"id":"ca0dab75-871b-4057-b81a-d9f51e8c8c8c","name":"Test out Javascript async await easily","codename":"test_out_javascript_await_easily","type":{"id":"d0b31a99-6076-4982-a0ec-9364ae984118"},"collection":{"id":"00000000-0000-0000-0000-000000000000"},"spaces":[],"sitemap_locations":[],"last_modified":"2020-08-29T11:26:53.2122392Z"},{"id":"7908d3f4-02f4-471a-8821-a052e0d6bbe5","name":"Kontent Web spotlight + 3rd party cookies","codename":"kontent_web_spotlight___3rd_party_cookies","type":{"id":"d0b31a99-6076-4982-a0ec-9364ae984118"},"collection":{"id":"00000000-0000-0000-0000-000000000000"},"spaces":[],"sitemap_locations":[],"last_modified":"2020-09-29T08:39:29.8669183Z"},{"id":"e7ac6668-318b-46fc-aee8-2b67219b47ce","name":"Statiq with Kontent","codename":"statiq_with_kontent","type":{"id":"d0b31a99-6076-4982-a0ec-9364ae984118"},"collection":{"id":"00000000-0000-0000-0000-000000000000"},"spaces":[],"sitemap_locations":[],"last_modified":"2020-11-10T17:34:55.6151245Z"},{"id":"d5f4cee4-744c-41cb-9b9d-5ae1830ade89","name":"Boilerplate Statiq for .NET","codename":"boilerplate_statiq_for_net","type":{"id":"aaacf8a7-6ced-4cfb-a80e-4f08c2f31cc7"},"collection":{"id":"00000000-0000-0000-0000-000000000000"},"spaces":[],"sitemap_locations":[],"last_modified":"2020-11-23T13:07:41.2045342Z"},{"id":"1b93fddf-e8a9-493b-a8da-795b078b5514","name":"Hacking Kontent Web Spotlight","codename":"hacking_kontent_web_spotlight","type":{"id":"d0b31a99-6076-4982-a0ec-9364ae984118"},"collection":{"id":"00000000-0000-0000-0000-000000000000"},"spaces":[],"sitemap_locations":[],"last_modified":"2021-01-22T08:53:50.149832Z"},{"id":"1214a1cc-17b0-4ee2-9362-6fd4064284b2","name":"SVG's dark side","codename":"svg_s_dark_side","type":{"id":"d0b31a99-6076-4982-a0ec-9364ae984118"},"collection":{"id":"00000000-0000-0000-0000-000000000000"},"spaces":[],"sitemap_locations":[],"last_modified":"2021-01-22T08:56:24.3569901Z"},{"id":"62413764-5531-46fe-acd7-a8a3028ab278","name":"Email - ondrej@chrastina.tech","codename":"email___ondrej_chrastina_tech","type":{"id":"29963177-ecc0-53e5-8208-6cd358aa5bea"},"collection":{"id":"00000000-0000-0000-0000-000000000000"},"spaces":[],"sitemap_locations":[],"last_modified":"2021-01-23T20:02:18.5822085Z"},{"id":"035f49c3-61c6-41ea-9af0-897cd9511320","name":"Email","codename":"email","type":{"id":"79531aef-24d1-54be-9c8d-7ae4efcece09"},"collection":{"id":"00000000-0000-0000-0000-000000000000"},"spaces":[],"sitemap_locations":[],"last_modified":"2021-01-23T17:54:49.0757051Z"},{"id":"f1f20a23-2065-4d58-b122-761835f19f59","name":"Projects","codename":"projects","type":{"id":"2f3bbacd-add5-4620-9cb0-7517ba953ba5"},"collection":{"id":"00000000-0000-0000-0000-000000000000"},"spaces":[],"sitemap_locations":[],"last_modified":"2021-01-23T19:13:25.7798865Z"},{"id":"31d966e6-d076-42ea-9626-097d9096dda6","name":"Projects","codename":"projects_31d966e","type":{"id":"f3acfa1c-7e45-44e1-a13a-e24029206252"},"collection":{"id":"00000000-0000-0000-0000-000000000000"},"spaces":[],"sitemap_locations":[],"last_modified":"2021-01-23T19:21:53.6096723Z"},{"id":"e6ea60fd-e084-408f-b114-79d9bab772c8","name":"Jamstackon.net","codename":"jamstackon_net","type":{"id":"dee938e8-aab2-411c-a701-7d7f93c8c7a7"},"collection":{"id":"00000000-0000-0000-0000-000000000000"},"spaces":[],"sitemap_locations":[],"last_modified":"2021-02-01T19:56:00.6334656Z"},{"id":"3b738ff7-e622-4ef3-acfa-45652033649c","name":"kentico.github.io","codename":"kentico_github_io","type":{"id":"dee938e8-aab2-411c-a701-7d7f93c8c7a7"},"collection":{"id":"00000000-0000-0000-0000-000000000000"},"spaces":[],"sitemap_locations":[],"last_modified":"2021-02-19T17:14:47.6357936Z"},{"id":"e8417761-bdad-47f8-bd18-f51eb8373220","name":"ondrej.chrastina.tech","codename":"ondrej_chrastina_tech","type":{"id":"dee938e8-aab2-411c-a701-7d7f93c8c7a7"},"collection":{"id":"00000000-0000-0000-0000-000000000000"},"spaces":[],"sitemap_locations":[],"last_modified":"2021-02-21T17:32:39.3844868Z"},{"id":"030aa085-896b-4a73-b3e7-efea080654bf","name":"Apollo Express boilerplate utilizing headless CMS","codename":"apollo_express_boilerplate_utilizing_headless_cms","type":{"id":"dee938e8-aab2-411c-a701-7d7f93c8c7a7"},"collection":{"id":"00000000-0000-0000-0000-000000000000"},"spaces":[],"sitemap_locations":[],"last_modified":"2021-02-25T21:16:19.847039Z"},{"id":"e0733d37-d1da-4f3f-bd88-8db297321d55","name":"Photon Landing Page Starter for Gatsby","codename":"photon_landing_page_starter_for_gatsby","type":{"id":"dee938e8-aab2-411c-a701-7d7f93c8c7a7"},"collection":{"id":"00000000-0000-0000-0000-000000000000"},"spaces":[],"sitemap_locations":[],"last_modified":"2021-02-28T07:30:00.0769027Z"},{"id":"1a8feff9-a4b4-4db6-b7a3-cae1fb09e189","name":"Kontent Project ID from the Management API KEY","codename":"kontent_project_id_from_the_management_api_key","type":{"id":"d0b31a99-6076-4982-a0ec-9364ae984118"},"collection":{"id":"00000000-0000-0000-0000-000000000000"},"spaces":[],"sitemap_locations":[],"last_modified":"2021-03-21T14:28:54.1077Z"},{"id":"86d6799e-cec1-4669-ab75-0cb3487496c6","name":"Medium - Simply007","codename":"medium___ondrejch","type":{"id":"29963177-ecc0-53e5-8208-6cd358aa5bea"},"collection":{"id":"00000000-0000-0000-0000-000000000000"},"spaces":[],"sitemap_locations":[],"last_modified":"2021-05-05T13:45:13.7841506Z"},{"id":"2d3bf06f-ee97-470b-a51f-c77c8bf205f8","name":"Medium","codename":"medium","type":{"id":"79531aef-24d1-54be-9c8d-7ae4efcece09"},"collection":{"id":"00000000-0000-0000-0000-000000000000"},"spaces":[],"sitemap_locations":[],"last_modified":"2021-05-05T13:42:39.5449201Z"},{"id":"5e36fd69-01ce-4632-8338-5544542ef53b","name":"Dev.to - simply007","codename":"dev_to___simply007","type":{"id":"29963177-ecc0-53e5-8208-6cd358aa5bea"},"collection":{"id":"00000000-0000-0000-0000-000000000000"},"spaces":[],"sitemap_locations":[],"last_modified":"2021-05-05T13:46:04.3040555Z"},{"id":"211548fb-3ee1-4539-acdd-9afd0dbd699b","name":"Dev.to","codename":"dev_to","type":{"id":"79531aef-24d1-54be-9c8d-7ae4efcece09"},"collection":{"id":"00000000-0000-0000-0000-000000000000"},"spaces":[],"sitemap_locations":[],"last_modified":"2021-05-05T13:46:19.3916591Z"},{"id":"4a890699-55e5-4d2e-b4d6-70f8ea4b31b6","name":"Check if item is an component","codename":"check_if_item_is_an_component","type":{"id":"d0b31a99-6076-4982-a0ec-9364ae984118"},"collection":{"id":"00000000-0000-0000-0000-000000000000"},"spaces":[],"sitemap_locations":[],"last_modified":"2021-05-06T06:21:12.0519199Z"},{"id":"0ded90aa-55cf-4b40-9cae-9e6aa9f59423","name":"Dicord - Simply007","codename":"dicord___simply007","type":{"id":"29963177-ecc0-53e5-8208-6cd358aa5bea"},"collection":{"id":"00000000-0000-0000-0000-000000000000"},"spaces":[],"sitemap_locations":[],"last_modified":"2021-05-07T09:04:54.9150514Z"},{"id":"3cf4bb7d-9d6e-49bd-a6a7-ee3d88b7f1c0","name":"Dicord","codename":"dicord","type":{"id":"79531aef-24d1-54be-9c8d-7ae4efcece09"},"collection":{"id":"00000000-0000-0000-0000-000000000000"},"spaces":[],"sitemap_locations":[],"last_modified":"2021-05-07T09:05:32.5344112Z"},{"id":"d5958387-74ac-40f9-93b5-ae81a5805e0a","name":"Gatsby packages","codename":"gatsby_packages","type":{"id":"dee938e8-aab2-411c-a701-7d7f93c8c7a7"},"collection":{"id":"00000000-0000-0000-0000-000000000000"},"spaces":[],"sitemap_locations":[],"last_modified":"2021-07-12T14:34:01.2914381Z"},{"id":"40b6e038-39fe-4deb-9bc5-d0048fe1dbea","name":"Element gallery","codename":"element_gallery","type":{"id":"dee938e8-aab2-411c-a701-7d7f93c8c7a7"},"collection":{"id":"00000000-0000-0000-0000-000000000000"},"spaces":[],"sitemap_locations":[],"last_modified":"2021-07-12T14:36:37.2329062Z"},{"id":"05614e97-8a08-48ae-87b9-c9176e892d00","name":"Next.js corporate starter","codename":"next_js_corporate_starter","type":{"id":"dee938e8-aab2-411c-a701-7d7f93c8c7a7"},"collection":{"id":"00000000-0000-0000-0000-000000000000"},"spaces":[],"sitemap_locations":[],"last_modified":"2021-07-12T14:37:30.6771646Z"},{"id":"2b38d182-9ca0-47d4-9892-bce09d82c589","name":"Next.js boilerplate","codename":"next_js_boilerplate","type":{"id":"dee938e8-aab2-411c-a701-7d7f93c8c7a7"},"collection":{"id":"00000000-0000-0000-0000-000000000000"},"spaces":[],"sitemap_locations":[],"last_modified":"2021-07-12T14:38:10.2930563Z"},{"id":"930d84e9-821e-4f73-b1c8-21cc005e645f","name":"Kontent type selector","codename":"kontent_type_selector","type":{"id":"dee938e8-aab2-411c-a701-7d7f93c8c7a7"},"collection":{"id":"00000000-0000-0000-0000-000000000000"},"spaces":[],"sitemap_locations":[],"last_modified":"2021-07-12T14:38:58.9258696Z"},{"id":"1b7b309e-f1d3-42ad-97e4-29cde0dad434","name":"Benchmarks","codename":"benchmarks","type":{"id":"dee938e8-aab2-411c-a701-7d7f93c8c7a7"},"collection":{"id":"00000000-0000-0000-0000-000000000000"},"spaces":[],"sitemap_locations":[],"last_modified":"2021-07-12T14:39:56.1178543Z"},{"id":"141e76b8-dcad-4b0f-856d-83236f7ab32d","name":"Java packages rewrite","codename":"java_packages_rewrite","type":{"id":"dee938e8-aab2-411c-a701-7d7f93c8c7a7"},"collection":{"id":"00000000-0000-0000-0000-000000000000"},"spaces":[],"sitemap_locations":[],"last_modified":"2021-07-12T14:41:34.9717911Z"},{"id":"d74e9800-7c96-4098-88e3-e2cafbabc359","name":"Resolve links data JS SDK Kontentt","codename":"resolve_links_data_js_sdk_kontentt","type":{"id":"d0b31a99-6076-4982-a0ec-9364ae984118"},"collection":{"id":"00000000-0000-0000-0000-000000000000"},"spaces":[],"sitemap_locations":[],"last_modified":"2021-07-16T10:57:04.7786022Z"},{"id":"5999124d-84b8-425e-bcc2-d5716c3b991d","name":"Recombee config","codename":"recombee_config","type":{"id":"8e3ff4c5-b4b2-43a6-9e81-3075e5cbfbc5"},"collection":{"id":"00000000-0000-0000-0000-000000000000"},"spaces":[],"sitemap_locations":[],"last_modified":"2021-08-20T11:07:22.2650059Z"},{"id":"33799ddc-9066-4b8c-a19f-d4af12e62c2a","name":"Dev Relations","codename":"untitled_content_item","type":{"id":"2f3bbacd-add5-4620-9cb0-7517ba953ba5"},"collection":{"id":"00000000-0000-0000-0000-000000000000"},"spaces":[],"sitemap_locations":[],"last_modified":"2024-02-27T11:39:53.250448Z"},{"id":"488dfbe6-3f5a-4861-9b52-a57268e62e1e","name":"Dev Relations Page","codename":"dev_relations_page","type":{"id":"841131ef-2c18-4d32-b85c-a5012adab135"},"collection":{"id":"00000000-0000-0000-0000-000000000000"},"spaces":[],"sitemap_locations":[],"last_modified":"2024-02-27T11:40:30.0460535Z"},{"id":"a003549c-f6ca-4857-96d8-c0087df96767","name":"Dev Relations Intro","codename":"dev_relations_intro","type":{"id":"2c49aae8-929f-4528-9f14-cb8bc809e77b"},"collection":{"id":"00000000-0000-0000-0000-000000000000"},"spaces":[],"sitemap_locations":[],"last_modified":"2024-02-27T11:43:07.6259276Z"},{"id":"89174c85-a08d-465c-b415-9c77e3454192","name":"Dev-relations","codename":"dev_relations","type":{"id":"b1cc22f8-7804-4dd3-8efd-7837ff54fba9"},"collection":{"id":"00000000-0000-0000-0000-000000000000"},"spaces":[],"sitemap_locations":[],"last_modified":"2024-02-27T12:08:08.6671182Z"}]