[{"id":"dc963b49-201d-49cb-b819-fb10efd3856e","name":"GitHub","codename":"github","type":{"id":"79531aef-24d1-54be-9c8d-7ae4efcece09"},"sitemap_locations":[],"last_modified":"2020-07-06T17:14:03.7305263Z"},{"id":"61693fd1-e48c-4dd9-b509-16e34e898004","name":"Simply007 GitHub Account","codename":"simply007_github_account","type":{"id":"29963177-ecc0-53e5-8208-6cd358aa5bea"},"sitemap_locations":[],"last_modified":"2020-07-06T17:14:33.8333753Z"},{"id":"f1d9f320-e59c-41ce-b18b-600b43635655","name":"Default Layout","codename":"default_layout","type":{"id":"dea27172-7d4d-595f-ba05-fa29cee6bebb"},"sitemap_locations":[],"last_modified":"2020-07-06T17:15:39.6716843Z"},{"id":"10dcabb6-a29f-4bf8-8c57-67c5d287fa36","name":"Ondřej Chrastina","codename":"ondrej_chrastina","type":{"id":"0b02ddd1-53df-5138-8ad1-e4ed1d8214f5"},"sitemap_locations":[],"last_modified":"2020-07-06T17:16:03.6110543Z"},{"id":"e0dc63ca-726b-4a5c-8d0f-63bea1a167ba","name":"Personal Site","codename":"personal_site","type":{"id":"0b02ddd1-53df-5138-8ad1-e4ed1d8214f5"},"sitemap_locations":[],"last_modified":"2020-07-06T17:16:15.2409977Z"},{"id":"fc8880fc-ec97-4163-a434-a74a804925c0","name":"Portfolio","codename":"portfolio","type":{"id":"0b02ddd1-53df-5138-8ad1-e4ed1d8214f5"},"sitemap_locations":[],"last_modified":"2020-07-06T17:16:31.1721412Z"},{"id":"7b6e99e3-30ba-49e4-90b1-064a08a3acf4","name":"Default Header","codename":"default_header","type":{"id":"45827c3e-6794-5105-8be2-a6b3c9d27a2b"},"sitemap_locations":[],"last_modified":"2020-07-06T17:17:09.434219Z"},{"id":"4324ab06-f5e6-4990-b04f-a5058782542b","name":"Ondřej Chrastina","codename":"ondrej_chrastina_4324ab0","type":{"id":"5f798482-82aa-5cea-9d38-bd7efc159e1b"},"sitemap_locations":[],"last_modified":"2020-07-06T17:17:34.260889Z"},{"id":"5330079d-083f-478c-84e8-051430b61d6f","name":"Home","codename":"home","type":{"id":"2f3bbacd-add5-4620-9cb0-7517ba953ba5"},"sitemap_locations":[],"last_modified":"2020-07-06T17:38:10.2221139Z"},{"id":"b0f5d4d6-fe0e-4191-b235-57d863d244b8","name":"Home page","codename":"home_page","type":{"id":"d283fa92-652e-408d-817d-3ca64e4598b4"},"sitemap_locations":[],"last_modified":"2020-07-06T17:39:54.7889222Z"},{"id":"d6d367ba-fa4d-40be-9eb3-a6e229109b68","name":"Follow me - twitter","codename":"follow_me___twitter","type":{"id":"aaacf8a7-6ced-4cfb-a80e-4f08c2f31cc7"},"sitemap_locations":[],"last_modified":"2020-07-06T17:40:30.8399278Z"},{"id":"03ee84a9-6912-42f3-902f-bf027bd1e1da","name":"PWA series","codename":"pwa_series","type":{"id":"2f3bbacd-add5-4620-9cb0-7517ba953ba5"},"sitemap_locations":[],"last_modified":"2020-07-06T19:29:02.1783564Z"},{"id":"e6d44c7c-b4b8-4467-988c-0a24959cf634","name":"Progressive Web Apps series","codename":"progressive_web_apps_series","type":{"id":"841131ef-2c18-4d32-b85c-a5012adab135"},"sitemap_locations":[],"last_modified":"2020-07-06T19:29:35.9559875Z"},{"id":"3cbcf864-56e8-498a-af79-b565d227cebb","name":"My findings","codename":"my_findings","type":{"id":"2c49aae8-929f-4528-9f14-cb8bc809e77b"},"sitemap_locations":[],"last_modified":"2020-07-06T19:30:07.3199751Z"},{"id":"292866ae-9ad6-45b4-9ebf-ca081dfd5a83","name":"How to create a progressive web app featuring Angular and headless CMS","codename":"how_to_create_a_progressive_web_app_featuring_angu","type":{"id":"2c49aae8-929f-4528-9f14-cb8bc809e77b"},"sitemap_locations":[],"last_modified":"2020-07-06T19:34:04.0422911Z"},{"id":"019f7ad3-50de-4f1c-8e79-364cdfd8ed24","name":"How to create a progressive web app featuring Angular and headless CMS","codename":"how_to_create_a_progressive_web_app_featuring_angu_019f7ad","type":{"id":"aaacf8a7-6ced-4cfb-a80e-4f08c2f31cc7"},"sitemap_locations":[],"last_modified":"2020-07-06T19:36:20.5828513Z"},{"id":"0c6bbe9a-6f42-41bd-bb5f-97f4b20791ab","name":"How to tune up your Progressive Web App to get a perfect audit score","codename":"how_to_tune_up_your_progressive_web_app_to_get_a_p","type":{"id":"2c49aae8-929f-4528-9f14-cb8bc809e77b"},"sitemap_locations":[],"last_modified":"2020-07-06T19:38:22.4670894Z"},{"id":"ce779c53-ad6c-4187-b16a-c705af296f94","name":"How to tune up your Progressive Web App to get a perfect audit score","codename":"how_to_tune_up_your_progressive_web_app_to_get_a_p_ce779c5","type":{"id":"aaacf8a7-6ced-4cfb-a80e-4f08c2f31cc7"},"sitemap_locations":[],"last_modified":"2020-07-06T19:38:47.1365907Z"},{"id":"f608d1eb-3296-43d8-86de-38d32e6ae342","name":"How to make sure your Progressive Web App keeps its Lighthouse audit","codename":"how_to_make_sure_your_progressive_web_app_keeps_it","type":{"id":"2c49aae8-929f-4528-9f14-cb8bc809e77b"},"sitemap_locations":[],"last_modified":"2020-07-06T19:39:58.9264444Z"},{"id":"3a8c7aa2-0d5f-4d7c-8b12-cb462612d667","name":"How to make sure your Progressive Web App keeps its Lighthouse audit","codename":"how_to_make_sure_your_progressive_web_app_keeps_it_3a8c7aa","type":{"id":"aaacf8a7-6ced-4cfb-a80e-4f08c2f31cc7"},"sitemap_locations":[],"last_modified":"2020-07-06T19:40:27.5867438Z"},{"id":"401ced62-406c-4789-9b42-d1a26e64f452","name":"Default Footer","codename":"default_footer","type":{"id":"c8875e73-dac9-5167-8e75-d8c92eca4192"},"sitemap_locations":[],"last_modified":"2020-07-06T20:15:03.1597554Z"},{"id":"2628b07b-ebde-44be-bc67-152a860fc5d8","name":"Twitter - ChrastinaOndrej","codename":"twitter___chrastinaondrej","type":{"id":"29963177-ecc0-53e5-8208-6cd358aa5bea"},"sitemap_locations":[],"last_modified":"2020-07-06T19:47:22.9700211Z"},{"id":"3fef5905-8412-4849-9080-f724c7d5e28e","name":"Twitter","codename":"twitter","type":{"id":"79531aef-24d1-54be-9c8d-7ae4efcece09"},"sitemap_locations":[],"last_modified":"2020-07-06T19:47:35.7994988Z"},{"id":"0654043e-d24b-44ae-a639-6adc078b6e7c","name":"Linkedin - ondrejchrastina","codename":"linkedin___ondrejchrastina","type":{"id":"29963177-ecc0-53e5-8208-6cd358aa5bea"},"sitemap_locations":[],"last_modified":"2020-07-06T19:50:06.0428362Z"},{"id":"926acd52-1b31-40d5-a179-916ae8672d71","name":"LinkedIn","codename":"linkedin","type":{"id":"79531aef-24d1-54be-9c8d-7ae4efcece09"},"sitemap_locations":[],"last_modified":"2020-07-10T08:50:04.9901321Z"},{"id":"8f4e9a43-b0b4-4e57-a388-4ee8229f4e14","name":"Facebook - 0ndrejek","codename":"facebook","type":{"id":"29963177-ecc0-53e5-8208-6cd358aa5bea"},"sitemap_locations":[],"last_modified":"2020-07-06T19:53:29.7391889Z"},{"id":"0fdddd30-172e-465f-9d0e-b4834ac667f0","name":"Facebook","codename":"facebook_0fdddd3","type":{"id":"79531aef-24d1-54be-9c8d-7ae4efcece09"},"sitemap_locations":[],"last_modified":"2020-07-06T19:52:55.0203633Z"},{"id":"d3fa56c0-2fb8-4168-8af8-58fec7e5a878","name":"Instagram - 0.ndrej","codename":"instagram","type":{"id":"29963177-ecc0-53e5-8208-6cd358aa5bea"},"sitemap_locations":[],"last_modified":"2020-07-06T19:54:34.8561769Z"},{"id":"661ce1dd-44ff-420c-91ca-e41f56f1ec66","name":"Instagram","codename":"instagram_661ce1d","type":{"id":"79531aef-24d1-54be-9c8d-7ae4efcece09"},"sitemap_locations":[],"last_modified":"2020-07-06T19:54:15.0360834Z"},{"id":"31a0975c-8738-4904-a12c-cfe521bbfa4f","name":"GitHub","codename":"github_31a0975","type":{"id":"2f3bbacd-add5-4620-9cb0-7517ba953ba5"},"sitemap_locations":[],"last_modified":"2020-07-10T08:17:33.6494929Z"},{"id":"2905e906-52b7-46cf-847e-edcdff7b0566","name":"Journal","codename":"journal","type":{"id":"2f3bbacd-add5-4620-9cb0-7517ba953ba5"},"sitemap_locations":[],"last_modified":"2020-07-17T08:37:29.9080651Z"},{"id":"35271f4e-6f04-4128-a89d-35f2652f9771","name":"Journal","codename":"journal_35271f4","type":{"id":"f3acfa1c-7e45-44e1-a13a-e24029206252"},"sitemap_locations":[],"last_modified":"2020-07-17T15:07:54.0082118Z"},{"id":"75198bf5-4512-4604-88e5-95c6419052c4","name":"JS \"map\" in Java","codename":"js__map__in_java","type":{"id":"d0b31a99-6076-4982-a0ec-9364ae984118"},"sitemap_locations":[],"last_modified":"2020-07-24T07:24:11.6391141Z"},{"id":"9179873e-5a37-4308-8f96-dbf0fd079e6b","name":"Find and kill process occupying your port - Windows","codename":"find_and_kill_process_occupying_your_port___window","type":{"id":"d0b31a99-6076-4982-a0ec-9364ae984118"},"sitemap_locations":[],"last_modified":"2020-07-27T07:49:50.6971425Z"},{"id":"0e01ec9a-78d7-49e7-a50c-be4e436b2fd0","name":"Specify folder when uploading Asset via Kontent JS Management SDK","codename":"specify_folder_when_uploading_asset_via_kontent_js","type":{"id":"d0b31a99-6076-4982-a0ec-9364ae984118"},"sitemap_locations":[],"last_modified":"2020-07-31T12:14:16.4983402Z"}]