[{"id":"29963177-ecc0-53e5-8208-6cd358aa5bea","codename":"social_media_account","last_modified":"2020-07-06T17:00:20.8112283Z","external_id":"e1a86be0-112e-40a7-902b-fb4ffe524409","name":"Social Media Account","content_groups":[],"elements":[{"maximum_text_length":null,"validation_regex":null,"default":null,"name":"Account Handle","guidelines":null,"is_required":true,"is_non_localizable":false,"type":"text","external_id":"f9951ed7-40f3-433c-a785-a08b06408042","id":"0db3b67d-23bc-5313-a036-bb9dc9bab0c6","codename":"account_handle"},{"item_count_limit":{"value":1,"condition":"exactly"},"allowed_content_types":[{"id":"79531aef-24d1-54be-9c8d-7ae4efcece09"}],"default":null,"name":"Social Media Type","guidelines":null,"is_required":true,"is_non_localizable":false,"type":"modular_content","external_id":"eef4ac34-c79a-4062-8ce3-d8b712ba1eee","id":"1bf21e3e-d053-5949-8e3b-60ad208e8d9a","codename":"social_media_type"}]},{"id":"bbbf25d6-6106-4594-bfd0-c8234829bba8","codename":"homepage","last_modified":"2020-08-28T20:05:00.8832083Z","name":"Webspotlight root","content_groups":[],"elements":[{"maximum_text_length":null,"validation_regex":null,"default":null,"name":"Title","guidelines":null,"is_required":false,"is_non_localizable":false,"type":"text","id":"46cb57d6-e95b-41d6-a095-c6a35ff1c71c","codename":"title"},{"item_count_limit":null,"allowed_content_types":[{"id":"b1cc22f8-7804-4dd3-8efd-7837ff54fba9"},{"id":"45827c3e-6794-5105-8be2-a6b3c9d27a2b"}],"default":null,"name":"Subpages","guidelines":null,"is_required":false,"is_non_localizable":false,"type":"subpages","id":"331eb8a3-2113-4801-b768-dcbb82848e2c","codename":"subpages"},{"item_count_limit":null,"allowed_content_types":[],"default":null,"name":"Content","guidelines":null,"is_required":false,"is_non_localizable":false,"type":"modular_content","id":"c29060f6-066a-4b3f-a818-c7d200bf77b5","codename":"content"}]},{"id":"aaacf8a7-6ced-4cfb-a80e-4f08c2f31cc7","codename":"button","last_modified":"2020-07-06T17:29:59.890453Z","name":"Button","content_groups":[],"elements":[{"maximum_text_length":null,"validation_regex":null,"default":null,"name":"Title","guidelines":null,"is_required":false,"is_non_localizable":false,"type":"text","id":"72e76134-4fc3-408f-9a17-2723b6cc0c13","codename":"title"},{"maximum_text_length":null,"validation_regex":null,"default":null,"name":"Icon","guidelines":null,"is_required":false,"is_non_localizable":false,"type":"text","id":"f722277f-74da-4f54-b7bd-bff7d0cac77e","codename":"icon"},{"item_count_limit":{"value":1,"condition":"at_most"},"allowed_content_types":[{"id":"2f3bbacd-add5-4620-9cb0-7517ba953ba5"}],"default":null,"name":"Link to","guidelines":null,"is_required":false,"is_non_localizable":false,"type":"modular_content","id":"027b14d4-ac32-4ee5-88ad-cedadc4e021f","codename":"link_to"},{"maximum_text_length":null,"validation_regex":null,"default":null,"name":"External URL","guidelines":null,"is_required":false,"is_non_localizable":false,"type":"text","id":"4fb55c53-4733-4b0d-846a-fee0e67f6bbe","codename":"external_url"}]},{"id":"d0b31a99-6076-4982-a0ec-9364ae984118","codename":"gotcha","last_modified":"2021-02-19T16:44:57.2735929Z","name":"Gotcha","content_groups":[{"id":"15dade6f-c708-4930-9d76-d2ec894b5b62","name":"Content","codename":"content"},{"id":"e5d8b9ef-d473-4e3f-a692-e9046f521680","name":"Outline","codename":"outline"},{"id":"7ec9c4c0-8028-49c2-aca1-7dc4d0b1cb17","name":"Configuration","codename":"configuration"}],"elements":[{"maximum_text_length":null,"validation_regex":null,"default":null,"name":"Title","guidelines":null,"is_required":false,"is_non_localizable":false,"type":"text","id":"7b39040d-e407-477a-8e85-9bf2c6f4330d","codename":"title","content_group":{"id":"15dade6f-c708-4930-9d76-d2ec894b5b62"}},{"depends_on":{"element":{"id":"7b39040d-e407-477a-8e85-9bf2c6f4330d"}},"validation_regex":null,"name":"URL slug","guidelines":null,"is_required":false,"is_non_localizable":false,"type":"url_slug","id":"7ba70753-1dd7-402a-8dbe-c1f9a42eceb7","codename":"url_slug","content_group":{"id":"15dade6f-c708-4930-9d76-d2ec894b5b62"}},{"default":null,"name":"Post date","guidelines":null,"is_required":false,"is_non_localizable":false,"type":"date_time","id":"65733ddd-86d5-4162-b414-55cb9cd8d7b4","codename":"post_date","content_group":{"id":"15dade6f-c708-4930-9d76-d2ec894b5b62"}},{"asset_count_limit":null,"maximum_file_size":null,"allowed_file_types":"any","image_width_limit":null,"image_height_limit":null,"default":null,"name":"Image","guidelines":null,"is_required":false,"is_non_localizable":false,"type":"asset","id":"21d0af66-079c-455e-bf63-676478ec7539","codename":"image","content_group":{"id":"15dade6f-c708-4930-9d76-d2ec894b5b62"}},{"maximum_text_length":null,"maximum_image_size":null,"allowed_content_types":[],"allowed_item_link_types":[],"image_width_limit":null,"image_height_limit":null,"allowed_image_types":"any","allowed_blocks":[],"allowed_formatting":[],"allowed_text_blocks":[],"allowed_table_blocks":[],"allowed_table_formatting":[],"allowed_table_text_blocks":[],"name":"Summary","guidelines":null,"is_required":false,"is_non_localizable":false,"type":"rich_text","id":"52121e22-cdfd-4712-962f-bda0dd291705","codename":"summary","content_group":{"id":"15dade6f-c708-4930-9d76-d2ec894b5b62"}},{"maximum_text_length":null,"maximum_image_size":null,"allowed_content_types":[{"id":"5a7c4426-107f-4150-b59e-da87742e6424"}],"allowed_item_link_types":[],"image_width_limit":null,"image_height_limit":null,"allowed_image_types":"any","allowed_blocks":[],"allowed_formatting":[],"allowed_text_blocks":[],"allowed_table_blocks":[],"allowed_table_formatting":[],"allowed_table_text_blocks":[],"name":"Content","guidelines":null,"is_required":false,"is_non_localizable":false,"type":"rich_text","id":"c0bdf8a5-7082-493c-adb0-8de6f9316477","codename":"content","content_group":{"id":"15dade6f-c708-4930-9d76-d2ec894b5b62"}},{"maximum_text_length":null,"maximum_image_size":null,"allowed_content_types":[],"allowed_item_link_types":[],"image_width_limit":null,"image_height_limit":null,"allowed_image_types":"any","allowed_blocks":["text"],"allowed_formatting":[],"allowed_text_blocks":[],"allowed_table_blocks":[],"allowed_table_formatting":[],"allowed_table_text_blocks":[],"name":"Outline","guidelines":null,"is_required":false,"is_non_localizable":false,"type":"rich_text","id":"95b8c5ba-d31a-4033-867c-c04084a0eaab","codename":"untitled_rich_text","content_group":{"id":"e5d8b9ef-d473-4e3f-a692-e9046f521680"}},{"taxonomy_group":{"id":"e5abe711-55bb-4b27-a82e-f5ee4aa0e5ae"},"term_count_limit":null,"default":null,"name":"Listing category","guidelines":null,"is_required":false,"is_non_localizable":false,"type":"taxonomy","id":"998590c4-ce71-413c-aac8-37c9a86cb5f4","codename":"listing_category","content_group":{"id":"7ec9c4c0-8028-49c2-aca1-7dc4d0b1cb17"}},{"taxonomy_group":{"id":"31bf9c1a-31e8-43f1-b20b-b901d0548cfe"},"term_count_limit":null,"default":null,"name":"Channel purpose","guidelines":"Define what channel is the item meant to be used","is_required":false,"is_non_localizable":false,"type":"taxonomy","id":"3f11a982-46e1-4a87-a034-ea9157596c94","codename":"channel_purpose","content_group":{"id":"7ec9c4c0-8028-49c2-aca1-7dc4d0b1cb17"}}]},{"id":"841131ef-2c18-4d32-b85c-a5012adab135","codename":"sections_page","last_modified":"2020-08-22T13:14:23.2794909Z","name":"Sections page","content_groups":[],"elements":[{"maximum_text_length":null,"validation_regex":null,"default":null,"name":"Header","guidelines":null,"is_required":false,"is_non_localizable":false,"type":"text","id":"4ce933e5-0c2c-467d-b8ca-12a1a25e4613","codename":"header"},{"maximum_text_length":null,"maximum_image_size":null,"allowed_content_types":[],"allowed_item_link_types":[],"image_width_limit":null,"image_height_limit":null,"allowed_image_types":"any","allowed_blocks":[],"allowed_formatting":[],"allowed_text_blocks":[],"allowed_table_blocks":[],"allowed_table_formatting":[],"allowed_table_text_blocks":[],"name":"Summary","guidelines":null,"is_required":false,"is_non_localizable":false,"type":"rich_text","id":"53519c65-2125-4b95-8b97-2209460f3413","codename":"summary"},{"asset_count_limit":{"value":1,"condition":"exactly"},"maximum_file_size":null,"allowed_file_types":"adjustable","image_width_limit":null,"image_height_limit":null,"default":null,"name":"Hero image","guidelines":null,"is_required":false,"is_non_localizable":false,"type":"asset","id":"3de35071-70d6-467d-9412-0434d77b43bf","codename":"hero_image"},{"item_count_limit":null,"allowed_content_types":[{"id":"2c49aae8-929f-4528-9f14-cb8bc809e77b"}],"default":null,"name":"Sections","guidelines":null,"is_required":false,"is_non_localizable":false,"type":"modular_content","id":"7c80b0a6-d5a9-4dff-a8a4-04484ebe51e4","codename":"sections"}]},{"id":"5a7c4426-107f-4150-b59e-da87742e6424","codename":"code_snippet","last_modified":"2020-07-24T07:35:12.5589346Z","name":"Code snippet","content_groups":[],"elements":[{"source_url":"https://kontent-custom-element-ace-code-editor.netlify.app","json_parameters":null,"allowed_elements":[],"name":"Code","guidelines":null,"is_required":true,"is_non_localizable":false,"type":"custom","id":"3da645f8-b28e-49a9-999b-2900ba01ca69","codename":"code"}]},{"id":"dea27172-7d4d-595f-ba05-fa29cee6bebb","codename":"layout","last_modified":"2020-08-22T15:21:38.5778145Z","external_id":"ec0fa2d9-f8d6-4719-a5e5-16b0563a430b","name":"Layout","content_groups":[{"id":"077f75b7-0112-5a9f-855f-2750f53b2498","name":"Content","codename":"content"},{"id":"41a9ca91-5f9b-5ae3-abd1-4a3989dee696","name":"SEO","codename":"seo"}],"elements":[{"item_count_limit":{"value":1,"condition":"at_most"},"allowed_content_types":[{"id":"45827c3e-6794-5105-8be2-a6b3c9d27a2b"}],"default":null,"name":"Header","guidelines":null,"is_required":false,"is_non_localizable":false,"type":"modular_content","external_id":"eab6f75f-7aec-467d-8c0a-545e91b6070c","id":"aa6cc0c1-7f12-5ec4-8eb4-d5033a4922f0","codename":"header","content_group":{"id":"077f75b7-0112-5a9f-855f-2750f53b2498"}},{"item_count_limit":{"value":1,"condition":"at_most"},"allowed_content_types":[{"id":"c8875e73-dac9-5167-8e75-d8c92eca4192"}],"default":null,"name":"Footer","guidelines":null,"is_required":false,"is_non_localizable":false,"type":"modular_content","external_id":"cd283713-2e1c-4f43-b6c0-98721b565d8f","id":"f2dfbc30-2cc3-52c5-9d78-13925afa7386","codename":"footer","content_group":{"id":"077f75b7-0112-5a9f-855f-2750f53b2498"}},{"maximum_text_length":{"value":60,"applies_to":"characters"},"validation_regex":null,"default":null,"name":"Title","guidelines":null,"is_required":true,"is_non_localizable":false,"type":"text","external_id":"b5e4dafc-e060-41d4-b620-009bea89315e","id":"52489a95-d504-59e7-9618-36147a6ec420","codename":"title","content_group":{"id":"41a9ca91-5f9b-5ae3-abd1-4a3989dee696"}},{"maximum_text_length":{"value":160,"applies_to":"characters"},"validation_regex":null,"default":null,"name":"Meta Description","guidelines":null,"is_required":true,"is_non_localizable":false,"type":"text","external_id":"c73965ca-e857-4720-aa77-fea828ac99ed","id":"c12eb9f5-7d58-5bb1-ad36-08d9db6c6e80","codename":"meta_description","content_group":{"id":"41a9ca91-5f9b-5ae3-abd1-4a3989dee696"}},{"item_count_limit":null,"allowed_content_types":[{"id":"0b02ddd1-53df-5138-8ad1-e4ed1d8214f5"}],"default":null,"name":"Keywords","guidelines":null,"is_required":false,"is_non_localizable":false,"type":"modular_content","external_id":"f4664f5d-e046-4795-9cb3-cd13829e7baf","id":"4cdcb410-44b6-51c3-9c03-daa12e9048a1","codename":"keywords","content_group":{"id":"41a9ca91-5f9b-5ae3-abd1-4a3989dee696"}},{"maximum_text_length":null,"validation_regex":null,"default":null,"name":"Site URL","guidelines":null,"is_required":false,"is_non_localizable":false,"type":"text","id":"3e709a6b-604e-4bfe-aa68-0ae1fba7bfd0","codename":"site_url","content_group":{"id":"41a9ca91-5f9b-5ae3-abd1-4a3989dee696"}},{"asset_count_limit":{"value":1,"condition":"exactly"},"maximum_file_size":null,"allowed_file_types":"adjustable","image_width_limit":{"value":1200,"condition":"exactly"},"image_height_limit":{"value":600,"condition":"exactly"},"default":null,"name":"Image","guidelines":null,"is_required":false,"is_non_localizable":false,"type":"asset","external_id":"2e5947a6-4779-43f1-bb6b-cef4348517f7","id":"0e5d1ebf-6864-5f75-bb74-3cb69ed08f4d","codename":"image","content_group":{"id":"41a9ca91-5f9b-5ae3-abd1-4a3989dee696"}}]},{"id":"b1cc22f8-7804-4dd3-8efd-7837ff54fba9","codename":"page","last_modified":"2020-08-28T08:04:42.0793405Z","name":"Page","content_groups":[],"elements":[{"maximum_text_length":null,"validation_regex":null,"default":null,"name":"Title","guidelines":null,"is_required":false,"is_non_localizable":false,"type":"text","id":"97492538-36d4-4fd1-be43-eadc46114d5e","codename":"title"},{"depends_on":{"element":{"id":"97492538-36d4-4fd1-be43-eadc46114d5e"}},"validation_regex":null,"name":"URL","guidelines":null,"is_required":false,"is_non_localizable":false,"type":"url_slug","id":"d8e5aeb4-1ee1-46ea-9e33-7c9ed2ae7933","codename":"url"},{"mode":"single","options":[{"id":"f43f37a3-aa0a-446b-a69e-69f1a5f6dfe1","codename":"yes","name":"Yes"},{"id":"46819ddd-640f-4ca6-bf9f-a540ffead94d","codename":"no","name":"No"}],"default":null,"name":"Show in navigation","guidelines":null,"is_required":false,"is_non_localizable":false,"type":"multiple_choice","id":"e856c8bb-a647-49b8-bc1b-b2f6b18d1935","codename":"show_in_navigation"},{"item_count_limit":null,"allowed_content_types":[],"default":null,"name":"Subpages","guidelines":null,"is_required":false,"is_non_localizable":false,"type":"subpages","id":"76d4c229-91cf-470a-92bd-58ebd2d831f4","codename":"subpages"},{"item_count_limit":null,"allowed_content_types":[],"default":null,"name":"Content","guidelines":null,"is_required":false,"is_non_localizable":false,"type":"modular_content","id":"9d1f9614-1ee5-4563-b3e0-b862ed0afb3d","codename":"content"}]},{"id":"0b02ddd1-53df-5138-8ad1-e4ed1d8214f5","codename":"keyword","last_modified":"2020-07-06T17:00:20.1393744Z","external_id":"82c20f63-9591-4bfa-94c5-60bec8eaf06b","name":"Keyword","content_groups":[],"elements":[{"maximum_text_length":null,"validation_regex":null,"default":null,"name":"Keyword","guidelines":null,"is_required":false,"is_non_localizable":false,"type":"text","external_id":"371a612f-3939-48d4-9804-c5276bf16158","id":"930dc5eb-a4b8-5106-8bac-961c8b2cc6e0","codename":"keyword"}]},{"id":"2c49aae8-929f-4528-9f14-cb8bc809e77b","codename":"section","last_modified":"2020-07-06T17:36:21.9414496Z","name":"Section","content_groups":[],"elements":[{"maximum_text_length":null,"validation_regex":null,"default":null,"name":"Header","guidelines":null,"is_required":false,"is_non_localizable":false,"type":"text","id":"11ffc909-4362-47af-9d46-1cc41fa21776","codename":"header"},{"asset_count_limit":null,"maximum_file_size":null,"allowed_file_types":"any","image_width_limit":null,"image_height_limit":null,"default":null,"name":"Image","guidelines":null,"is_required":false,"is_non_localizable":false,"type":"asset","id":"bc197113-3c91-4fa2-909f-5e74fee4e1cf","codename":"image"},{"maximum_text_length":null,"maximum_image_size":null,"allowed_content_types":[],"allowed_item_link_types":[],"image_width_limit":null,"image_height_limit":null,"allowed_image_types":"any","allowed_blocks":[],"allowed_formatting":[],"allowed_text_blocks":[],"allowed_table_blocks":[],"allowed_table_formatting":[],"allowed_table_text_blocks":[],"name":"Content","guidelines":null,"is_required":false,"is_non_localizable":false,"type":"rich_text","id":"0bc606dd-d572-4bd0-a988-edb662aeb54e","codename":"content"},{"item_count_limit":null,"allowed_content_types":[{"id":"aaacf8a7-6ced-4cfb-a80e-4f08c2f31cc7"}],"default":null,"name":"CTA","guidelines":null,"is_required":false,"is_non_localizable":false,"type":"modular_content","id":"1101a62d-1d9e-4212-b6bb-3b6235db1fe8","codename":"cta"}]},{"id":"5f798482-82aa-5cea-9d38-bd7efc159e1b","codename":"link","last_modified":"2020-07-06T17:00:20.4674721Z","external_id":"9820d8be-f267-4de6-8d9e-9f8c7fe1d23a","name":"Link","content_groups":[],"elements":[{"maximum_text_length":null,"validation_regex":null,"default":null,"name":"Text","guidelines":null,"is_required":true,"is_non_localizable":false,"type":"text","external_id":"52593e33-28da-4efe-bd37-4d48b333ecbf","id":"714ab3b1-cb6f-5cde-b9c4-80270a0c5f8e","codename":"text"},{"maximum_text_length":null,"validation_regex":null,"default":null,"name":"URL","guidelines":null,"is_required":false,"is_non_localizable":false,"type":"text","external_id":"a25458ec-053d-4ae7-9c4f-fbde1b10bded","id":"a90fb49a-c31d-55c2-a9b3-a7055e6a6a74","codename":"url"}]},{"id":"79531aef-24d1-54be-9c8d-7ae4efcece09","codename":"social_media_type","last_modified":"2020-07-10T08:49:31.1592321Z","external_id":"502d3079-49d6-4967-8e1f-10d8d2582759","name":"Social Media Type","content_groups":[],"elements":[{"maximum_text_length":null,"validation_regex":null,"default":null,"name":"Label","guidelines":null,"is_required":false,"is_non_localizable":false,"type":"text","id":"13bbce93-d245-46bf-90d7-8396d4ceb134","codename":"label"},{"maximum_text_length":null,"validation_regex":null,"default":null,"name":"Account pattern","guidelines":"Fill with the social media profile link pattern you want to render with \"%s\" instead of the social media handle i.r. https://github.com/%s for GitHub","is_required":false,"is_non_localizable":false,"type":"text","external_id":"b78007ac-452a-4f3a-9022-b5c895a4738a","id":"f81941ad-96f0-5222-bc4c-f731e6441e6a","codename":"account_pattern"},{"maximum_text_length":null,"validation_regex":null,"default":null,"name":"Account Icon Code","guidelines":"Place the code name of the Icon i.e. \"fa-github\" for font awesome GitHub icon","is_required":false,"is_non_localizable":false,"type":"text","external_id":"f34f3ab1-a5e5-4db8-8f31-08599e7607c9","id":"3136a1eb-a5ba-588c-9d95-9cdfdeccd6da","codename":"account_icon_code"},{"asset_count_limit":null,"maximum_file_size":null,"allowed_file_types":"any","image_width_limit":null,"image_height_limit":null,"default":null,"name":"Account Icon","guidelines":null,"is_required":false,"is_non_localizable":false,"type":"asset","external_id":"04fdb087-629d-4968-a0c5-546202afb583","id":"d61dd1df-a24b-5ec8-8d43-d575a83a41f9","codename":"account_icon"}]},{"id":"2f3bbacd-add5-4620-9cb0-7517ba953ba5","codename":"navigation_item","last_modified":"2020-07-17T09:13:39.3529469Z","name":"Navigation item","content_groups":[{"id":"80dc52d3-f006-41ea-a18e-be916925a39b","name":"Menu","codename":"menu"},{"id":"a204fff3-395b-4368-a3d3-c5f319c9e8ee","name":"Content","codename":"content"}],"elements":[{"maximum_text_length":null,"validation_regex":null,"default":null,"name":"Title","guidelines":null,"is_required":true,"is_non_localizable":false,"type":"text","id":"01280ee0-4a8b-442c-aca9-f4d905f1c085","codename":"title","content_group":{"id":"80dc52d3-f006-41ea-a18e-be916925a39b"}},{"depends_on":{"element":{"id":"01280ee0-4a8b-442c-aca9-f4d905f1c085"}},"validation_regex":null,"name":"Slug","guidelines":null,"is_required":false,"is_non_localizable":false,"type":"url_slug","id":"338e99e9-577b-4eff-9d4a-21d921e6e129","codename":"slug","content_group":{"id":"80dc52d3-f006-41ea-a18e-be916925a39b"}},{"maximum_text_length":null,"validation_regex":null,"default":null,"name":"External URL","guidelines":null,"is_required":false,"is_non_localizable":false,"type":"text","id":"69904730-0368-4422-b1fc-cd7cfe55dce7","codename":"external_url","content_group":{"id":"80dc52d3-f006-41ea-a18e-be916925a39b"}},{"item_count_limit":null,"allowed_content_types":[{"id":"2f3bbacd-add5-4620-9cb0-7517ba953ba5"}],"default":null,"name":"Sub items","guidelines":null,"is_required":false,"is_non_localizable":false,"type":"modular_content","id":"9d91ba0e-1ee0-4b5c-9f15-f9c54323e2eb","codename":"sub_items","content_group":{"id":"80dc52d3-f006-41ea-a18e-be916925a39b"}},{"item_count_limit":{"value":1,"condition":"at_most"},"allowed_content_types":[{"id":"841131ef-2c18-4d32-b85c-a5012adab135"},{"id":"d283fa92-652e-408d-817d-3ca64e4598b4"},{"id":"f3acfa1c-7e45-44e1-a13a-e24029206252"}],"default":null,"name":"Content page","guidelines":null,"is_required":false,"is_non_localizable":false,"type":"modular_content","id":"9e2b4956-d362-4d80-8903-15193b29f61a","codename":"content_page","content_group":{"id":"a204fff3-395b-4368-a3d3-c5f319c9e8ee"}}]},{"id":"45827c3e-6794-5105-8be2-a6b3c9d27a2b","codename":"header","last_modified":"2020-08-28T20:06:45.8296965Z","external_id":"69c88c75-6ae9-4ba2-a5d9-0c9799a53829","name":"Header","content_groups":[],"elements":[{"item_count_limit":{"value":1,"condition":"at_most"},"allowed_content_types":[{"id":"5f798482-82aa-5cea-9d38-bd7efc159e1b"}],"default":null,"name":"Title Link","guidelines":null,"is_required":false,"is_non_localizable":false,"type":"modular_content","external_id":"2286c904-5ac3-4b04-9a6b-96f2b863f03d","id":"3d7f84a7-450e-594c-9eb9-d64fcd5a896a","codename":"title_link"},{"maximum_text_length":null,"validation_regex":null,"default":null,"name":"Menu Caption","guidelines":null,"is_required":false,"is_non_localizable":false,"type":"text","external_id":"9f40c6a8-bfed-4ed5-b5ec-f9b635b8a961","id":"9afcd321-22c8-5e24-9b96-513c3b82a49c","codename":"menu_caption"},{"item_count_limit":null,"allowed_content_types":[{"id":"2f3bbacd-add5-4620-9cb0-7517ba953ba5"}],"default":null,"name":"Menu","guidelines":null,"is_required":false,"is_non_localizable":false,"type":"subpages","id":"843c4d8a-abe4-4378-a62e-6f7683ffe52c","codename":"menu"}]},{"id":"f3acfa1c-7e45-44e1-a13a-e24029206252","codename":"listing_page","last_modified":"2021-01-23T19:51:35.4009445Z","name":"Listing page","content_groups":[{"id":"8a1b8040-780b-4b5d-8413-61c972a34a5c","name":"Header","codename":"header"},{"id":"98a6db97-822a-4937-b0f3-2a3f9ed13999","name":"Options","codename":"options"}],"elements":[{"maximum_text_length":null,"validation_regex":null,"default":null,"name":"Primary text","guidelines":null,"is_required":false,"is_non_localizable":false,"type":"text","id":"7ed8e7b1-89b3-4664-8250-92c2ae1fefaf","codename":"primary_text","content_group":{"id":"8a1b8040-780b-4b5d-8413-61c972a34a5c"}},{"maximum_text_length":null,"validation_regex":null,"default":null,"name":"Secondary text","guidelines":null,"is_required":false,"is_non_localizable":false,"type":"text","id":"cdcb999c-f517-4f17-9a39-511d33883e20","codename":"secondary_text","content_group":{"id":"8a1b8040-780b-4b5d-8413-61c972a34a5c"}},{"asset_count_limit":{"value":1,"condition":"exactly"},"maximum_file_size":null,"allowed_file_types":"adjustable","image_width_limit":null,"image_height_limit":null,"default":null,"name":"Hero Image","guidelines":null,"is_required":false,"is_non_localizable":false,"type":"asset","id":"c369b46c-f6a1-4dca-8ddb-af2ee859c045","codename":"hero_image","content_group":{"id":"8a1b8040-780b-4b5d-8413-61c972a34a5c"}},{"snippet":{"id":"14a7ccb6-bfa7-49ef-aa14-0f7b648cc014"},"type":"snippet","id":"5ee178c5-9ffc-49f5-b319-c7bcccbdd3b2","codename":"listing_page_options","content_group":{"id":"98a6db97-822a-4937-b0f3-2a3f9ed13999"}}]},{"id":"8e3ff4c5-b4b2-43a6-9e81-3075e5cbfbc5","codename":"recombee_config","last_modified":"2021-08-20T11:06:49.5691612Z","name":"Recombee config","content_groups":[],"elements":[{"source_url":"https://kontent-example-integration-recombee.netlify.app/","json_parameters":"{\"recombeeAppId\":\"simply-007-dev\"}","allowed_elements":[],"name":"Configuration","guidelines":null,"is_required":false,"is_non_localizable":false,"type":"custom","id":"ac22d71a-6aff-4bad-9eb7-f5a2ca43568e","codename":"configuration"}]},{"id":"c8875e73-dac9-5167-8e75-d8c92eca4192","codename":"footer","last_modified":"2020-07-06T17:00:20.7018709Z","external_id":"198e4dd5-14cf-48b0-9672-abf0df108f30","name":"Footer","content_groups":[],"elements":[{"maximum_text_length":null,"maximum_image_size":null,"allowed_content_types":[],"allowed_item_link_types":[],"image_width_limit":null,"image_height_limit":null,"allowed_image_types":"any","allowed_blocks":[],"allowed_formatting":[],"allowed_text_blocks":[],"allowed_table_blocks":["text"],"allowed_table_formatting":[],"allowed_table_text_blocks":["paragraph"],"name":"Footer Text","guidelines":null,"is_required":false,"is_non_localizable":false,"type":"rich_text","external_id":"a86ac759-c04c-42e9-8560-eb79a01887d2","id":"1359d4f5-1b6c-5cc5-8b34-c922a3d7c9ad","codename":"footer_text"},{"item_count_limit":null,"allowed_content_types":[{"id":"29963177-ecc0-53e5-8208-6cd358aa5bea"}],"default":null,"name":"Social Media Accounts","guidelines":null,"is_required":false,"is_non_localizable":false,"type":"modular_content","external_id":"ad1359b3-596e-4a2c-b856-844fabf6b015","id":"98416e82-9994-5ec5-bf21-a83461fad469","codename":"social_media_accounts"}]},{"id":"d283fa92-652e-408d-817d-3ca64e4598b4","codename":"home_page","last_modified":"2020-08-22T09:56:44.7217742Z","name":"Home page","content_groups":[],"elements":[{"asset_count_limit":{"value":1,"condition":"exactly"},"maximum_file_size":null,"allowed_file_types":"adjustable","image_width_limit":null,"image_height_limit":null,"default":null,"name":"Profile photo","guidelines":null,"is_required":false,"is_non_localizable":false,"type":"asset","id":"72e934ae-ab1a-4567-a714-31077951afdf","codename":"profile_photo"},{"maximum_text_length":null,"validation_regex":null,"default":null,"name":"Primary text","guidelines":null,"is_required":false,"is_non_localizable":false,"type":"text","id":"4452669b-429a-4fe7-97f9-731b95227bda","codename":"primary_text"},{"maximum_text_length":null,"validation_regex":null,"default":null,"name":"Secondary text","guidelines":null,"is_required":false,"is_non_localizable":false,"type":"text","id":"77267681-d44b-47e7-8afa-ba8ee324fe79","codename":"secondary_text"},{"asset_count_limit":{"value":1,"condition":"exactly"},"maximum_file_size":null,"allowed_file_types":"adjustable","image_width_limit":null,"image_height_limit":null,"default":null,"name":"Hero Image","guidelines":null,"is_required":false,"is_non_localizable":false,"type":"asset","id":"48229e91-b140-411b-ac28-8096feba9a59","codename":"hero_image"},{"item_count_limit":null,"allowed_content_types":[{"id":"aaacf8a7-6ced-4cfb-a80e-4f08c2f31cc7"}],"default":null,"name":"CTA","guidelines":null,"is_required":false,"is_non_localizable":false,"type":"modular_content","id":"5341a9ad-f9aa-4d84-bd0e-828a63ed900e","codename":"cta"}]},{"id":"dee938e8-aab2-411c-a701-7d7f93c8c7a7","codename":"project","last_modified":"2021-02-20T12:17:28.0840356Z","name":"Project","content_groups":[{"id":"2e5cf1ae-3de5-474f-a206-dc643ec84f48","name":"Content","codename":"content"},{"id":"6610f1cb-9234-4179-92aa-49a31ddb52e0","name":"Outline","codename":"outline"},{"id":"c86e3284-1d6c-4d45-b419-0c630c98f3b9","name":"Configuration","codename":"configuration"}],"elements":[{"maximum_text_length":null,"validation_regex":null,"default":null,"name":"Title","guidelines":null,"is_required":false,"is_non_localizable":false,"type":"text","id":"9ab936e7-6263-46be-8f6e-02de34ce1529","codename":"title","content_group":{"id":"2e5cf1ae-3de5-474f-a206-dc643ec84f48"}},{"depends_on":{"element":{"id":"9ab936e7-6263-46be-8f6e-02de34ce1529"}},"validation_regex":null,"name":"URL slug","guidelines":null,"is_required":false,"is_non_localizable":false,"type":"url_slug","id":"80938ea5-5dfd-4155-a777-81c6f1274229","codename":"url_slug","content_group":{"id":"2e5cf1ae-3de5-474f-a206-dc643ec84f48"}},{"default":null,"name":"Release Date","guidelines":null,"is_required":false,"is_non_localizable":false,"type":"date_time","id":"b52ce8f4-303a-4de1-ab24-3425b4abc01b","codename":"release_date","content_group":{"id":"2e5cf1ae-3de5-474f-a206-dc643ec84f48"}},{"maximum_text_length":null,"validation_regex":null,"default":null,"name":"Source Code URL","guidelines":null,"is_required":false,"is_non_localizable":false,"type":"text","id":"fef8f0ff-a9c4-47d6-b3ed-2e9033db5ef0","codename":"source_code_url","content_group":{"id":"2e5cf1ae-3de5-474f-a206-dc643ec84f48"}},{"maximum_text_length":null,"validation_regex":null,"default":null,"name":"Live URL","guidelines":null,"is_required":false,"is_non_localizable":false,"type":"text","id":"c022577d-e569-4d3e-8f3f-88ccb8a14cdc","codename":"live_url","content_group":{"id":"2e5cf1ae-3de5-474f-a206-dc643ec84f48"}},{"asset_count_limit":null,"maximum_file_size":null,"allowed_file_types":"any","image_width_limit":null,"image_height_limit":null,"default":null,"name":"Image","guidelines":null,"is_required":false,"is_non_localizable":false,"type":"asset","id":"92b377a9-9ec6-4ff5-90c8-2ca29c8e9331","codename":"image","content_group":{"id":"2e5cf1ae-3de5-474f-a206-dc643ec84f48"}},{"maximum_text_length":null,"maximum_image_size":null,"allowed_content_types":[],"allowed_item_link_types":[],"image_width_limit":null,"image_height_limit":null,"allowed_image_types":"any","allowed_blocks":[],"allowed_formatting":[],"allowed_text_blocks":[],"allowed_table_blocks":[],"allowed_table_formatting":[],"allowed_table_text_blocks":[],"name":"Summary","guidelines":null,"is_required":false,"is_non_localizable":false,"type":"rich_text","id":"ae9324e5-3a8f-4722-a4fe-0087c2028e25","codename":"summary","content_group":{"id":"2e5cf1ae-3de5-474f-a206-dc643ec84f48"}},{"maximum_text_length":null,"maximum_image_size":null,"allowed_content_types":[{"id":"5a7c4426-107f-4150-b59e-da87742e6424"}],"allowed_item_link_types":[],"image_width_limit":null,"image_height_limit":null,"allowed_image_types":"any","allowed_blocks":[],"allowed_formatting":[],"allowed_text_blocks":[],"allowed_table_blocks":[],"allowed_table_formatting":[],"allowed_table_text_blocks":[],"name":"Content","guidelines":null,"is_required":false,"is_non_localizable":false,"type":"rich_text","id":"d53384d7-8a0c-4759-862c-912e1424516c","codename":"content","content_group":{"id":"2e5cf1ae-3de5-474f-a206-dc643ec84f48"}},{"maximum_text_length":null,"maximum_image_size":null,"allowed_content_types":[],"allowed_item_link_types":[],"image_width_limit":null,"image_height_limit":null,"allowed_image_types":"any","allowed_blocks":["text"],"allowed_formatting":[],"allowed_text_blocks":[],"allowed_table_blocks":[],"allowed_table_formatting":[],"allowed_table_text_blocks":[],"name":"Outline","guidelines":null,"is_required":false,"is_non_localizable":false,"type":"rich_text","id":"ae094938-05fb-4b80-88fe-80441e7971ba","codename":"outline","content_group":{"id":"6610f1cb-9234-4179-92aa-49a31ddb52e0"}},{"taxonomy_group":{"id":"e5abe711-55bb-4b27-a82e-f5ee4aa0e5ae"},"term_count_limit":null,"default":null,"name":"Listing category","guidelines":null,"is_required":false,"is_non_localizable":false,"type":"taxonomy","id":"4f5746f1-6d83-490c-bd57-08a89d415d4d","codename":"listing_category","content_group":{"id":"c86e3284-1d6c-4d45-b419-0c630c98f3b9"}},{"taxonomy_group":{"id":"31bf9c1a-31e8-43f1-b20b-b901d0548cfe"},"term_count_limit":null,"default":null,"name":"Channel purpose","guidelines":null,"is_required":false,"is_non_localizable":false,"type":"taxonomy","id":"465012b6-76e6-44f4-b07e-1c64b0960cc8","codename":"channel_purpose","content_group":{"id":"c86e3284-1d6c-4d45-b419-0c630c98f3b9"}}]}]