[{"elements":[{"element":{"id":"7ed8e7b1-89b3-4664-8250-92c2ae1fefaf"},"value":"Journal"},{"element":{"id":"cdcb999c-f517-4f17-9a39-511d33883e20"},"value":"Personal sites are full of blogs and loooong posts. I do like the once that takes 2 minutes to read and you learn something new. I would like to use this form to gather my gotchas from my DevRel career primarily to have the record of the solution at one place and maybe it might help others too."},{"searchable_value":null,"element":{"id":"f8637c75-a176-4e10-b6d8-4072289ff677"},"value":"[{\"id\":\"d0b31a99-6076-4982-a0ec-9364ae984118\",\"name\":\"Gotcha\",\"codename\":\"gotcha\",\"last_modified\":\"2020-07-31T10:44:39.6511528Z\"}]"}],"workflow_step":{"id":"c199950d-99f0-4983-b711-6c4c91624b22"},"item":{"id":"35271f4e-6f04-4128-a89d-35f2652f9771"},"language":{"id":"00000000-0000-0000-0000-000000000000"},"last_modified":"2020-07-31T10:47:32.0005959Z"},{"elements":[{"element":{"id":"01280ee0-4a8b-442c-aca9-f4d905f1c085"},"value":"Home"},{"mode":"custom","element":{"id":"338e99e9-577b-4eff-9d4a-21d921e6e129"},"value":""},{"element":{"id":"69904730-0368-4422-b1fc-cd7cfe55dce7"},"value":""},{"element":{"id":"9d91ba0e-1ee0-4b5c-9f15-f9c54323e2eb"},"value":[]},{"element":{"id":"9e2b4956-d362-4d80-8903-15193b29f61a"},"value":[{"id":"b0f5d4d6-fe0e-4191-b235-57d863d244b8"}]}],"workflow_step":{"id":"c199950d-99f0-4983-b711-6c4c91624b22"},"item":{"id":"5330079d-083f-478c-84e8-051430b61d6f"},"language":{"id":"00000000-0000-0000-0000-000000000000"},"last_modified":"2020-07-06T17:39:49.3982598Z"},{"elements":[{"element":{"id":"01280ee0-4a8b-442c-aca9-f4d905f1c085"},"value":"PWA series"},{"mode":"autogenerated","element":{"id":"338e99e9-577b-4eff-9d4a-21d921e6e129"},"value":"pwa-series"},{"element":{"id":"69904730-0368-4422-b1fc-cd7cfe55dce7"},"value":""},{"element":{"id":"9d91ba0e-1ee0-4b5c-9f15-f9c54323e2eb"},"value":[]},{"element":{"id":"9e2b4956-d362-4d80-8903-15193b29f61a"},"value":[{"id":"e6d44c7c-b4b8-4467-988c-0a24959cf634"}]}],"workflow_step":{"id":"c199950d-99f0-4983-b711-6c4c91624b22"},"item":{"id":"03ee84a9-6912-42f3-902f-bf027bd1e1da"},"language":{"id":"00000000-0000-0000-0000-000000000000"},"last_modified":"2020-07-06T19:29:29.1795943Z"},{"elements":[{"element":{"id":"01280ee0-4a8b-442c-aca9-f4d905f1c085"},"value":"GitHub"},{"mode":"autogenerated","element":{"id":"338e99e9-577b-4eff-9d4a-21d921e6e129"},"value":"github"},{"element":{"id":"69904730-0368-4422-b1fc-cd7cfe55dce7"},"value":"https://github.com/Simply007"},{"element":{"id":"9d91ba0e-1ee0-4b5c-9f15-f9c54323e2eb"},"value":[]},{"element":{"id":"9e2b4956-d362-4d80-8903-15193b29f61a"},"value":[]}],"workflow_step":{"id":"c199950d-99f0-4983-b711-6c4c91624b22"},"item":{"id":"31a0975c-8738-4904-a12c-cfe521bbfa4f"},"language":{"id":"00000000-0000-0000-0000-000000000000"},"last_modified":"2020-07-10T08:18:24.8816031Z"},{"elements":[{"element":{"id":"01280ee0-4a8b-442c-aca9-f4d905f1c085"},"value":"Journal"},{"mode":"autogenerated","element":{"id":"338e99e9-577b-4eff-9d4a-21d921e6e129"},"value":"journal"},{"element":{"id":"69904730-0368-4422-b1fc-cd7cfe55dce7"},"value":""},{"element":{"id":"9d91ba0e-1ee0-4b5c-9f15-f9c54323e2eb"},"value":[]},{"element":{"id":"9e2b4956-d362-4d80-8903-15193b29f61a"},"value":[{"id":"35271f4e-6f04-4128-a89d-35f2652f9771"}]}],"workflow_step":{"id":"c199950d-99f0-4983-b711-6c4c91624b22"},"item":{"id":"2905e906-52b7-46cf-847e-edcdff7b0566"},"language":{"id":"00000000-0000-0000-0000-000000000000"},"last_modified":"2020-07-24T07:17:48.2326606Z"},{"elements":[{"element":{"id":"930dc5eb-a4b8-5106-8bac-961c8b2cc6e0"},"value":"Ondřej Chrastina"}],"workflow_step":{"id":"c199950d-99f0-4983-b711-6c4c91624b22"},"item":{"id":"10dcabb6-a29f-4bf8-8c57-67c5d287fa36"},"language":{"id":"00000000-0000-0000-0000-000000000000"},"last_modified":"2020-07-06T17:16:06.5988674Z"},{"elements":[{"element":{"id":"930dc5eb-a4b8-5106-8bac-961c8b2cc6e0"},"value":"Personal Site"}],"workflow_step":{"id":"c199950d-99f0-4983-b711-6c4c91624b22"},"item":{"id":"e0dc63ca-726b-4a5c-8d0f-63bea1a167ba"},"language":{"id":"00000000-0000-0000-0000-000000000000"},"last_modified":"2020-07-06T17:16:16.4285098Z"},{"elements":[{"element":{"id":"930dc5eb-a4b8-5106-8bac-961c8b2cc6e0"},"value":"Portfolio"}],"workflow_step":{"id":"c199950d-99f0-4983-b711-6c4c91624b22"},"item":{"id":"fc8880fc-ec97-4163-a434-a74a804925c0"},"language":{"id":"00000000-0000-0000-0000-000000000000"},"last_modified":"2020-07-06T17:16:32.9846694Z"},{"elements":[{"element":{"id":"7b39040d-e407-477a-8e85-9bf2c6f4330d"},"value":"JS \"map\" in Java"},{"mode":"autogenerated","element":{"id":"7ba70753-1dd7-402a-8dbe-c1f9a42eceb7"},"value":"js-map-in-java"},{"element":{"id":"65733ddd-86d5-4162-b414-55cb9cd8d7b4"},"value":"2020-07-24T00:00:00Z"},{"element":{"id":"21d0af66-079c-455e-bf63-676478ec7539"},"value":[]},{"components":[],"element":{"id":"52121e22-cdfd-4712-962f-bda0dd291705"},"value":"<p>How to transform all items in a <code>List</code> or <code>Array</code> &nbsp;to another array? If you come from JavaScript world mean <code>map</code> method, in .Net, you would use <a href=\"https://docs.microsoft.com/en-US/dotnet/standard/using-linq\"><code>LINQ</code></a> and <code>Select</code> method. <br/>\nBut how is that in Java 8?</p>"},{"components":[{"id":"224ed7e5-0e90-4a62-a96a-c2db9611c4e6","type":{"id":"5a7c4426-107f-4150-b59e-da87742e6424"},"elements":[{"searchable_value":null,"element":{"id":"3da645f8-b28e-49a9-999b-2900ba01ca69"},"value":"{\"language\":\"javascript\",\"code\":\"const transformedCtas = section.elements.cta.value.map(cta => ({\\r\\n    ctaTitle: cta.elements.title.value,\\r\\n    ctaUrl: cta.elements.external_url.value\\r\\n}));\"}"}]},{"id":"81b9e6ea-9b46-4257-8fb1-6da2ac1068e9","type":{"id":"5a7c4426-107f-4150-b59e-da87742e6424"},"elements":[{"searchable_value":null,"element":{"id":"3da645f8-b28e-49a9-999b-2900ba01ca69"},"value":"{\"language\":\"java\",\"code\":\"List<CTA> transfomedCtas = section\\n    .getElements()\\n    .getCta() // This returns List/Enumerable/...\\n    .stream() // This is the key - transform data to sream and then use strem API for whatever you want\\n    .map(cta -> \\n        new CTA(cta.getElements().getTitle(), cta.getElements().getExternalUrl()\\n    );\"}"}]}],"element":{"id":"c0bdf8a5-7082-493c-adb0-8de6f9316477"},"value":"<p>The answer is quite easy, if you find the <a href=\"https://docs.oracle.com/javase/8/docs/api/java/util/stream/package-summary.html\">Stream API</a> of Java 8. These API supports functional-style operations on streams of elements, such as map-reduce transformations on collections.</p>\n<p>So in Javascript the code would be like:</p>\n<object type=\"application/kenticocloud\" data-type=\"component\" data-id=\"224ed7e5-0e90-4a62-a96a-c2db9611c4e6\"></object>\n<p>In Java 8, you would use:</p>\n<object type=\"application/kenticocloud\" data-type=\"component\" data-id=\"81b9e6ea-9b46-4257-8fb1-6da2ac1068e9\"></object>"},{"element":{"id":"3f11a982-46e1-4a87-a034-ea9157596c94"},"value":[{"id":"6ff757d2-0d6b-466a-866a-37c4372590e3"}]}],"workflow_step":{"id":"c199950d-99f0-4983-b711-6c4c91624b22"},"item":{"id":"75198bf5-4512-4604-88e5-95c6419052c4"},"language":{"id":"00000000-0000-0000-0000-000000000000"},"last_modified":"2020-07-31T09:25:18.3255632Z"},{"elements":[{"element":{"id":"7b39040d-e407-477a-8e85-9bf2c6f4330d"},"value":"Kill the process occupying your port"},{"mode":"autogenerated","element":{"id":"7ba70753-1dd7-402a-8dbe-c1f9a42eceb7"},"value":"kill-the-process-occupying-your-port"},{"element":{"id":"65733ddd-86d5-4162-b414-55cb9cd8d7b4"},"value":"2020-07-27T00:00:00Z"},{"element":{"id":"21d0af66-079c-455e-bf63-676478ec7539"},"value":[]},{"components":[],"element":{"id":"52121e22-cdfd-4712-962f-bda0dd291705"},"value":"<p>Have you encounter with exception like \"<em>Address already in use: bind</em>\"? If you have been doing web development I have no doubt you have! Now you need to find the bas**rd and kill the process. But how to do that quickly on Windows?</p>"},{"components":[{"id":"51f2e84c-ba50-40c1-88e5-6cfc7615af11","type":{"id":"5a7c4426-107f-4150-b59e-da87742e6424"},"elements":[{"searchable_value":null,"element":{"id":"3da645f8-b28e-49a9-999b-2900ba01ca69"},"value":"{\"language\":\"plain_text\",\"code\":\"netstat -ano | Select-String \\\"8080\\\"\"}"}]},{"id":"53289baf-3ae4-406c-9ff0-22f9663d7ac0","type":{"id":"5a7c4426-107f-4150-b59e-da87742e6424"},"elements":[{"searchable_value":null,"element":{"id":"3da645f8-b28e-49a9-999b-2900ba01ca69"},"value":"{\"language\":\"plain_text\",\"code\":\"TCP    0.0.0.0:8080           0.0.0.0:0              LISTENING       14736\\nTCP    [::]:8080              [::]:0                 LISTENING       14736\"}"}]},{"id":"e76e87b6-3887-4317-b13d-437eb289efe4","type":{"id":"5a7c4426-107f-4150-b59e-da87742e6424"},"elements":[{"searchable_value":null,"element":{"id":"3da645f8-b28e-49a9-999b-2900ba01ca69"},"value":"{\"language\":\"powershell\",\"code\":\" taskkill /F /pid 14736\"}"}]}],"element":{"id":"c0bdf8a5-7082-493c-adb0-8de6f9316477"},"value":"<p>The solution is quite easy - use PowerShell!<br/>\nFirst list all processes with their <strong>PIDs </strong>(in example with port <code>8080</code>)</p>\n<object type=\"application/kenticocloud\" data-type=\"component\" data-id=\"51f2e84c-ba50-40c1-88e5-6cfc7615af11\"></object>\n<p>You will get something like that:<br/>\n</p>\n<object type=\"application/kenticocloud\" data-type=\"component\" data-id=\"53289baf-3ae4-406c-9ff0-22f9663d7ac0\"></object>\n<p><br/>\nThen use the PID (last column) and kill the process with fire using <code>taskkill</code>:</p>\n<object type=\"application/kenticocloud\" data-type=\"component\" data-id=\"e76e87b6-3887-4317-b13d-437eb289efe4\"></object>"},{"element":{"id":"3f11a982-46e1-4a87-a034-ea9157596c94"},"value":[{"id":"6ff757d2-0d6b-466a-866a-37c4372590e3"}]}],"workflow_step":{"id":"c199950d-99f0-4983-b711-6c4c91624b22"},"item":{"id":"9179873e-5a37-4308-8f96-dbf0fd079e6b"},"language":{"id":"00000000-0000-0000-0000-000000000000"},"last_modified":"2020-07-31T09:25:26.2319125Z"},{"elements":[{"element":{"id":"7b39040d-e407-477a-8e85-9bf2c6f4330d"},"value":"Specify folder when uploading Asset via Kontent JS Management SDK"},{"mode":"autogenerated","element":{"id":"7ba70753-1dd7-402a-8dbe-c1f9a42eceb7"},"value":"specify-folder-when-uploading-asset-via-kontent-js-management-sdk"},{"element":{"id":"65733ddd-86d5-4162-b414-55cb9cd8d7b4"},"value":"2020-07-31T00:00:00Z"},{"element":{"id":"21d0af66-079c-455e-bf63-676478ec7539"},"value":[]},{"components":[],"element":{"id":"52121e22-cdfd-4712-962f-bda0dd291705"},"value":"<p>It is great that <a href=\"https://docs.kontent.ai/reference/management-api-v2#tag/Assets\" data-new-window=\"true\">Kentico Kontent Management REST API</a> allows uploading the assets, but how to upload an asset under a specific folder and how to achieve it via <a href=\"https://github.com/Kentico/kontent-management-sdk-js\" data-new-window=\"true\">Javascript Management SDK</a>?<br/>\nOriginally this question was asked on <a href=\"http://Originally this question was asked on [StackOverflow](https://stackoverflow.com/questions/63190557/how-can-i-add-asset-image-to-specific-folder-using-kentico/63191503#63191503\" data-new-window=\"true\">StackOverflow</a>.</p>"},{"components":[{"id":"87e5fff7-47e8-4da9-8a2e-84f483cf5412","type":{"id":"5a7c4426-107f-4150-b59e-da87742e6424"},"elements":[{"searchable_value":null,"element":{"id":"3da645f8-b28e-49a9-999b-2900ba01ca69"},"value":"{\"language\":\"javascript\",\"code\":\"const folders = await mClient.listAssetFolders()\\r\\n  .toPromise(); // get folders\\r\\nconst desiredFolder = folders.items.find(folder => folder.name = \\\"Your delsired folder\\\"); // select desired folder\\r\\nconst assetData = await getAssetDataDataFromUrl(article.image.url)\\r\\n  .toPromise(); // load binary how you want it\\r\\nconst assetObject = await mClient.uploadBinaryFile().withData(assetData).toPromise(); // upload binary\\r\\n\\r\\nconst asset = await mClient.addAsset()\\r\\n  .withData({\\r\\n    descriptions: [{\\r\\n      language: {\\r\\n        codename: argv.language\\r\\n      },\\r\\n      description: `Image for article ${article.title}`\\r\\n    }],\\r\\n    external_id: article.image.id,\\r\\n    file_reference: {\\r\\n      ...assetObject.data\\r\\n    },\\r\\n    folder:  {\\r\\n      id: desiredFolder.id,\\r\\n      // external_id: desiredFolder.externalId // also possible to use external ID\\r\\n    }\\r\\n  })\\r\\n  .toPromise();\"}"}]},{"id":"e57bcbe2-d843-487c-8817-f3fe169bf74b","type":{"id":"5a7c4426-107f-4150-b59e-da87742e6424"},"elements":[{"searchable_value":null,"element":{"id":"3da645f8-b28e-49a9-999b-2900ba01ca69"},"value":"{\"language\":\"javascript\",\"code\":\"const updatedAsset = await mClient.upsertAsset().withData({\\r\\n  // not sure if you need to add whole asset object like: `...asset`, but i think it is not necessary\\r\\n  folder:  {\\r\\n    id: desiredFolder.id,\\r\\n    // external_id: desiredFolder.externalId // also possible to use external ID\\r\\n  }\\r\\n}).toPromise()\"}"}]}],"element":{"id":"c0bdf8a5-7082-493c-adb0-8de6f9316477"},"value":"<p>The answer is pretty simple in the end. The only hard thing is to find the right part of the <a href=\"https://docs.kontent.ai/reference/management-api-v2\" data-new-window=\"true\">REST Management API documentation</a> and then find this API provided via &nbsp;<a href=\"https://github.com/Kentico/kontent-management-sdk-js\" data-new-window=\"true\">Javascript/Typescript Management SDK</a> wrapper.<br/>\n</p>\n<p>JS SDK should wrap the capabilities of the <a href=\"https://docs.kontent.ai/reference/management-api-v2\" data-new-window=\"true\">Kontent REST Management API v2</a>, in this case, the crucial is folder property of the Asset model.<br/>\n<br/>\nSo the insert script when uploading an asset and then submitting it under specific folder would look like that:</p>\n<object type=\"application/kenticocloud\" data-type=\"component\" data-id=\"87e5fff7-47e8-4da9-8a2e-84f483cf5412\"></object>\n<p>If you already have the asset in Kontent, you could also just assign an aseet under your desired folder:</p>\n<object type=\"application/kenticocloud\" data-type=\"component\" data-id=\"e57bcbe2-d843-487c-8817-f3fe169bf74b\"></object>\n<p>Original <a href=\"https://stackoverflow.com/questions/63190557/how-can-i-add-asset-image-to-specific-folder-using-kentico/63191503#63191503\" data-new-window=\"true\">answer on StackOverflow</a>.</p>"},{"element":{"id":"3f11a982-46e1-4a87-a034-ea9157596c94"},"value":[{"id":"6ff757d2-0d6b-466a-866a-37c4372590e3"}]}],"workflow_step":{"id":"c199950d-99f0-4983-b711-6c4c91624b22"},"item":{"id":"0e01ec9a-78d7-49e7-a50c-be4e436b2fd0"},"language":{"id":"00000000-0000-0000-0000-000000000000"},"last_modified":"2020-07-31T12:27:54.7810928Z"},{"elements":[{"element":{"id":"72e76134-4fc3-408f-9a17-2723b6cc0c13"},"value":"Follow me!"},{"element":{"id":"f722277f-74da-4f54-b7bd-bff7d0cac77e"},"value":"fa-twitter"},{"element":{"id":"027b14d4-ac32-4ee5-88ad-cedadc4e021f"},"value":[]},{"element":{"id":"4fb55c53-4733-4b0d-846a-fee0e67f6bbe"},"value":"https://twitter.com/ChrastinaOndrej"}],"workflow_step":{"id":"c199950d-99f0-4983-b711-6c4c91624b22"},"item":{"id":"d6d367ba-fa4d-40be-9eb3-a6e229109b68"},"language":{"id":"00000000-0000-0000-0000-000000000000"},"last_modified":"2020-07-06T17:41:06.1423992Z"},{"elements":[{"element":{"id":"72e76134-4fc3-408f-9a17-2723b6cc0c13"},"value":"Learn more"},{"element":{"id":"f722277f-74da-4f54-b7bd-bff7d0cac77e"},"value":""},{"element":{"id":"027b14d4-ac32-4ee5-88ad-cedadc4e021f"},"value":[]},{"element":{"id":"4fb55c53-4733-4b0d-846a-fee0e67f6bbe"},"value":"https://medium.com/free-code-camp/how-to-create-a-progressive-web-app-featuring-angular-and-headless-cms-b8ee4f7a5ea3"}],"workflow_step":{"id":"c199950d-99f0-4983-b711-6c4c91624b22"},"item":{"id":"019f7ad3-50de-4f1c-8e79-364cdfd8ed24"},"language":{"id":"00000000-0000-0000-0000-000000000000"},"last_modified":"2020-07-06T19:37:07.7826359Z"},{"elements":[{"element":{"id":"72e76134-4fc3-408f-9a17-2723b6cc0c13"},"value":"Learn more"},{"element":{"id":"f722277f-74da-4f54-b7bd-bff7d0cac77e"},"value":""},{"element":{"id":"027b14d4-ac32-4ee5-88ad-cedadc4e021f"},"value":[]},{"element":{"id":"4fb55c53-4733-4b0d-846a-fee0e67f6bbe"},"value":"https://medium.com/free-code-camp/how-to-tune-up-your-progressive-web-app-to-get-a-perfect-audit-score-a1779d063eb7"}],"workflow_step":{"id":"c199950d-99f0-4983-b711-6c4c91624b22"},"item":{"id":"ce779c53-ad6c-4187-b16a-c705af296f94"},"language":{"id":"00000000-0000-0000-0000-000000000000"},"last_modified":"2020-07-06T19:38:57.1317466Z"},{"elements":[{"element":{"id":"72e76134-4fc3-408f-9a17-2723b6cc0c13"},"value":"Learn more"},{"element":{"id":"f722277f-74da-4f54-b7bd-bff7d0cac77e"},"value":""},{"element":{"id":"027b14d4-ac32-4ee5-88ad-cedadc4e021f"},"value":[]},{"element":{"id":"4fb55c53-4733-4b0d-846a-fee0e67f6bbe"},"value":"https://medium.com/free-code-camp/how-to-make-sure-your-progressive-web-app-keeps-its-lighthouse-audit-score-4c11cf514e1a"}],"workflow_step":{"id":"c199950d-99f0-4983-b711-6c4c91624b22"},"item":{"id":"3a8c7aa2-0d5f-4d7c-8b12-cb462612d667"},"language":{"id":"00000000-0000-0000-0000-000000000000"},"last_modified":"2020-07-06T19:40:40.7071512Z"},{"elements":[{"element":{"id":"72e934ae-ab1a-4567-a714-31077951afdf"},"value":[{"id":"752803e1-1879-4a67-99c7-0cad07aa6041"}]},{"element":{"id":"4452669b-429a-4fe7-97f9-731b95227bda"},"value":"Hi, my name is Ondřej"},{"element":{"id":"77267681-d44b-47e7-8afa-ba8ee324fe79"},"value":"Traveler, tech enthusiastic, open-source lover, and developer advocate by position."},{"element":{"id":"5341a9ad-f9aa-4d84-bd0e-828a63ed900e"},"value":[{"id":"d6d367ba-fa4d-40be-9eb3-a6e229109b68"}]}],"workflow_step":{"id":"c199950d-99f0-4983-b711-6c4c91624b22"},"item":{"id":"b0f5d4d6-fe0e-4191-b235-57d863d244b8"},"language":{"id":"00000000-0000-0000-0000-000000000000"},"last_modified":"2020-07-06T19:00:28.2241053Z"},{"elements":[{"element":{"id":"7b39040d-e407-477a-8e85-9bf2c6f4330d"},"value":"JS \"map\" in Java"},{"mode":"autogenerated","element":{"id":"7ba70753-1dd7-402a-8dbe-c1f9a42eceb7"},"value":"js-map-in-java"},{"element":{"id":"65733ddd-86d5-4162-b414-55cb9cd8d7b4"},"value":"2020-07-24T00:00:00Z"},{"element":{"id":"21d0af66-079c-455e-bf63-676478ec7539"},"value":[]},{"components":[],"element":{"id":"52121e22-cdfd-4712-962f-bda0dd291705"},"value":"<p>How to transform all items in a <code>List</code> or <code>Array</code> &nbsp;to another array? If you come from JavaScript world mean <code>map</code> method, in .Net, you would use <a href=\"https://docs.microsoft.com/en-US/dotnet/standard/using-linq\"><code>LINQ</code></a> and <code>Select</code> method. <br/>\nBut how is that in Java 8?</p>"},{"components":[{"id":"224ed7e5-0e90-4a62-a96a-c2db9611c4e6","type":{"id":"5a7c4426-107f-4150-b59e-da87742e6424"},"elements":[{"searchable_value":null,"element":{"id":"3da645f8-b28e-49a9-999b-2900ba01ca69"},"value":"{\"language\":\"javascript\",\"code\":\"const transformedCtas = section.elements.cta.value.map(cta => ({\\r\\n    ctaTitle: cta.elements.title.value,\\r\\n    ctaUrl: cta.elements.external_url.value\\r\\n}));\"}"}]},{"id":"81b9e6ea-9b46-4257-8fb1-6da2ac1068e9","type":{"id":"5a7c4426-107f-4150-b59e-da87742e6424"},"elements":[{"searchable_value":null,"element":{"id":"3da645f8-b28e-49a9-999b-2900ba01ca69"},"value":"{\"language\":\"java\",\"code\":\"List<CTA> transfomedCtas = section\\n    .getElements()\\n    .getCta() // This returns List/Enumerable/...\\n    .stream() // This is the key - transform data to sream and then use strem API for whatever you want\\n    .map(cta -> \\n        new CTA(cta.getElements().getTitle(), cta.getElements().getExternalUrl()\\n    );\"}"}]}],"element":{"id":"c0bdf8a5-7082-493c-adb0-8de6f9316477"},"value":"<p>The answer is quite easy, if you find the <a href=\"https://docs.oracle.com/javase/8/docs/api/java/util/stream/package-summary.html\">Stream API</a> of Java 8. These API supports functional-style operations on streams of elements, such as map-reduce transformations on collections.</p>\n<p>So in Javascript the code would be like:</p>\n<object type=\"application/kenticocloud\" data-type=\"component\" data-id=\"224ed7e5-0e90-4a62-a96a-c2db9611c4e6\"></object>\n<p>In Java 8, you would use:</p>\n<object type=\"application/kenticocloud\" data-type=\"component\" data-id=\"81b9e6ea-9b46-4257-8fb1-6da2ac1068e9\"></object>"},{"element":{"id":"3f11a982-46e1-4a87-a034-ea9157596c94"},"value":[{"id":"6ff757d2-0d6b-466a-866a-37c4372590e3"}]}],"workflow_step":{"id":"c199950d-99f0-4983-b711-6c4c91624b22"},"item":{"id":"75198bf5-4512-4604-88e5-95c6419052c4"},"language":{"id":"00000000-0000-0000-0000-000000000000"},"last_modified":"2020-07-31T09:25:18.3255632Z"},{"elements":[{"element":{"id":"7b39040d-e407-477a-8e85-9bf2c6f4330d"},"value":"Kill the process occupying your port"},{"mode":"autogenerated","element":{"id":"7ba70753-1dd7-402a-8dbe-c1f9a42eceb7"},"value":"kill-the-process-occupying-your-port"},{"element":{"id":"65733ddd-86d5-4162-b414-55cb9cd8d7b4"},"value":"2020-07-27T00:00:00Z"},{"element":{"id":"21d0af66-079c-455e-bf63-676478ec7539"},"value":[]},{"components":[],"element":{"id":"52121e22-cdfd-4712-962f-bda0dd291705"},"value":"<p>Have you encounter with exception like \"<em>Address already in use: bind</em>\"? If you have been doing web development I have no doubt you have! Now you need to find the bas**rd and kill the process. But how to do that quickly on Windows?</p>"},{"components":[{"id":"51f2e84c-ba50-40c1-88e5-6cfc7615af11","type":{"id":"5a7c4426-107f-4150-b59e-da87742e6424"},"elements":[{"searchable_value":null,"element":{"id":"3da645f8-b28e-49a9-999b-2900ba01ca69"},"value":"{\"language\":\"plain_text\",\"code\":\"netstat -ano | Select-String \\\"8080\\\"\"}"}]},{"id":"53289baf-3ae4-406c-9ff0-22f9663d7ac0","type":{"id":"5a7c4426-107f-4150-b59e-da87742e6424"},"elements":[{"searchable_value":null,"element":{"id":"3da645f8-b28e-49a9-999b-2900ba01ca69"},"value":"{\"language\":\"plain_text\",\"code\":\"TCP    0.0.0.0:8080           0.0.0.0:0              LISTENING       14736\\nTCP    [::]:8080              [::]:0                 LISTENING       14736\"}"}]},{"id":"e76e87b6-3887-4317-b13d-437eb289efe4","type":{"id":"5a7c4426-107f-4150-b59e-da87742e6424"},"elements":[{"searchable_value":null,"element":{"id":"3da645f8-b28e-49a9-999b-2900ba01ca69"},"value":"{\"language\":\"powershell\",\"code\":\" taskkill /F /pid 14736\"}"}]}],"element":{"id":"c0bdf8a5-7082-493c-adb0-8de6f9316477"},"value":"<p>The solution is quite easy - use PowerShell!<br/>\nFirst list all processes with their <strong>PIDs </strong>(in example with port <code>8080</code>)</p>\n<object type=\"application/kenticocloud\" data-type=\"component\" data-id=\"51f2e84c-ba50-40c1-88e5-6cfc7615af11\"></object>\n<p>You will get something like that:<br/>\n</p>\n<object type=\"application/kenticocloud\" data-type=\"component\" data-id=\"53289baf-3ae4-406c-9ff0-22f9663d7ac0\"></object>\n<p><br/>\nThen use the PID (last column) and kill the process with fire using <code>taskkill</code>:</p>\n<object type=\"application/kenticocloud\" data-type=\"component\" data-id=\"e76e87b6-3887-4317-b13d-437eb289efe4\"></object>"},{"element":{"id":"3f11a982-46e1-4a87-a034-ea9157596c94"},"value":[{"id":"6ff757d2-0d6b-466a-866a-37c4372590e3"}]}],"workflow_step":{"id":"c199950d-99f0-4983-b711-6c4c91624b22"},"item":{"id":"9179873e-5a37-4308-8f96-dbf0fd079e6b"},"language":{"id":"00000000-0000-0000-0000-000000000000"},"last_modified":"2020-07-31T09:25:26.2319125Z"},{"elements":[{"element":{"id":"7b39040d-e407-477a-8e85-9bf2c6f4330d"},"value":"Specify folder when uploading Asset via Kontent JS Management SDK"},{"mode":"autogenerated","element":{"id":"7ba70753-1dd7-402a-8dbe-c1f9a42eceb7"},"value":"specify-folder-when-uploading-asset-via-kontent-js-management-sdk"},{"element":{"id":"65733ddd-86d5-4162-b414-55cb9cd8d7b4"},"value":"2020-07-31T00:00:00Z"},{"element":{"id":"21d0af66-079c-455e-bf63-676478ec7539"},"value":[]},{"components":[],"element":{"id":"52121e22-cdfd-4712-962f-bda0dd291705"},"value":"<p>It is great that <a href=\"https://docs.kontent.ai/reference/management-api-v2#tag/Assets\" data-new-window=\"true\">Kentico Kontent Management REST API</a> allows uploading the assets, but how to upload an asset under a specific folder and how to achieve it via <a href=\"https://github.com/Kentico/kontent-management-sdk-js\" data-new-window=\"true\">Javascript Management SDK</a>?<br/>\nOriginally this question was asked on <a href=\"http://Originally this question was asked on [StackOverflow](https://stackoverflow.com/questions/63190557/how-can-i-add-asset-image-to-specific-folder-using-kentico/63191503#63191503\" data-new-window=\"true\">StackOverflow</a>.</p>"},{"components":[{"id":"87e5fff7-47e8-4da9-8a2e-84f483cf5412","type":{"id":"5a7c4426-107f-4150-b59e-da87742e6424"},"elements":[{"searchable_value":null,"element":{"id":"3da645f8-b28e-49a9-999b-2900ba01ca69"},"value":"{\"language\":\"javascript\",\"code\":\"const folders = await mClient.listAssetFolders()\\r\\n  .toPromise(); // get folders\\r\\nconst desiredFolder = folders.items.find(folder => folder.name = \\\"Your delsired folder\\\"); // select desired folder\\r\\nconst assetData = await getAssetDataDataFromUrl(article.image.url)\\r\\n  .toPromise(); // load binary how you want it\\r\\nconst assetObject = await mClient.uploadBinaryFile().withData(assetData).toPromise(); // upload binary\\r\\n\\r\\nconst asset = await mClient.addAsset()\\r\\n  .withData({\\r\\n    descriptions: [{\\r\\n      language: {\\r\\n        codename: argv.language\\r\\n      },\\r\\n      description: `Image for article ${article.title}`\\r\\n    }],\\r\\n    external_id: article.image.id,\\r\\n    file_reference: {\\r\\n      ...assetObject.data\\r\\n    },\\r\\n    folder:  {\\r\\n      id: desiredFolder.id,\\r\\n      // external_id: desiredFolder.externalId // also possible to use external ID\\r\\n    }\\r\\n  })\\r\\n  .toPromise();\"}"}]},{"id":"e57bcbe2-d843-487c-8817-f3fe169bf74b","type":{"id":"5a7c4426-107f-4150-b59e-da87742e6424"},"elements":[{"searchable_value":null,"element":{"id":"3da645f8-b28e-49a9-999b-2900ba01ca69"},"value":"{\"language\":\"javascript\",\"code\":\"const updatedAsset = await mClient.upsertAsset().withData({\\r\\n  // not sure if you need to add whole asset object like: `...asset`, but i think it is not necessary\\r\\n  folder:  {\\r\\n    id: desiredFolder.id,\\r\\n    // external_id: desiredFolder.externalId // also possible to use external ID\\r\\n  }\\r\\n}).toPromise()\"}"}]}],"element":{"id":"c0bdf8a5-7082-493c-adb0-8de6f9316477"},"value":"<p>The answer is pretty simple in the end. The only hard thing is to find the right part of the <a href=\"https://docs.kontent.ai/reference/management-api-v2\" data-new-window=\"true\">REST Management API documentation</a> and then find this API provided via &nbsp;<a href=\"https://github.com/Kentico/kontent-management-sdk-js\" data-new-window=\"true\">Javascript/Typescript Management SDK</a> wrapper.<br/>\n</p>\n<p>JS SDK should wrap the capabilities of the <a href=\"https://docs.kontent.ai/reference/management-api-v2\" data-new-window=\"true\">Kontent REST Management API v2</a>, in this case, the crucial is folder property of the Asset model.<br/>\n<br/>\nSo the insert script when uploading an asset and then submitting it under specific folder would look like that:</p>\n<object type=\"application/kenticocloud\" data-type=\"component\" data-id=\"87e5fff7-47e8-4da9-8a2e-84f483cf5412\"></object>\n<p>If you already have the asset in Kontent, you could also just assign an aseet under your desired folder:</p>\n<object type=\"application/kenticocloud\" data-type=\"component\" data-id=\"e57bcbe2-d843-487c-8817-f3fe169bf74b\"></object>\n<p>Original <a href=\"https://stackoverflow.com/questions/63190557/how-can-i-add-asset-image-to-specific-folder-using-kentico/63191503#63191503\" data-new-window=\"true\">answer on StackOverflow</a>.</p>"},{"element":{"id":"3f11a982-46e1-4a87-a034-ea9157596c94"},"value":[{"id":"6ff757d2-0d6b-466a-866a-37c4372590e3"}]}],"workflow_step":{"id":"c199950d-99f0-4983-b711-6c4c91624b22"},"item":{"id":"0e01ec9a-78d7-49e7-a50c-be4e436b2fd0"},"language":{"id":"00000000-0000-0000-0000-000000000000"},"last_modified":"2020-07-31T12:27:54.7810928Z"},{"elements":[{"components":[],"element":{"id":"1359d4f5-1b6c-5cc5-8b34-c922a3d7c9ad"},"value":"<ul>\n  <li>© Ondřej Chrastina 2020</li>\n  <li>Design:&nbsp;<a href=\"https://html5up.net/\">HTML5 UP</a></li>\n</ul>"},{"element":{"id":"98416e82-9994-5ec5-bf21-a83461fad469"},"value":[{"id":"2628b07b-ebde-44be-bc67-152a860fc5d8"},{"id":"61693fd1-e48c-4dd9-b509-16e34e898004"},{"id":"0654043e-d24b-44ae-a639-6adc078b6e7c"},{"id":"8f4e9a43-b0b4-4e57-a388-4ee8229f4e14"},{"id":"d3fa56c0-2fb8-4168-8af8-58fec7e5a878"}]}],"workflow_step":{"id":"c199950d-99f0-4983-b711-6c4c91624b22"},"item":{"id":"401ced62-406c-4789-9b42-d1a26e64f452"},"language":{"id":"00000000-0000-0000-0000-000000000000"},"last_modified":"2020-07-06T19:54:41.7131478Z"},{"elements":[{"element":{"id":"13bbce93-d245-46bf-90d7-8396d4ceb134"},"value":"GitHub"},{"element":{"id":"f81941ad-96f0-5222-bc4c-f731e6441e6a"},"value":"https://github.com/%s"},{"element":{"id":"3136a1eb-a5ba-588c-9d95-9cdfdeccd6da"},"value":"fa-github"},{"element":{"id":"d61dd1df-a24b-5ec8-8d43-d575a83a41f9"},"value":[]}],"workflow_step":{"id":"c199950d-99f0-4983-b711-6c4c91624b22"},"item":{"id":"dc963b49-201d-49cb-b819-fb10efd3856e"},"language":{"id":"00000000-0000-0000-0000-000000000000"},"last_modified":"2020-07-10T08:49:57.0715517Z"},{"elements":[{"element":{"id":"13bbce93-d245-46bf-90d7-8396d4ceb134"},"value":"Twitter"},{"element":{"id":"f81941ad-96f0-5222-bc4c-f731e6441e6a"},"value":"https://twitter.com/%s"},{"element":{"id":"3136a1eb-a5ba-588c-9d95-9cdfdeccd6da"},"value":"fa-twitter"},{"element":{"id":"d61dd1df-a24b-5ec8-8d43-d575a83a41f9"},"value":[]}],"workflow_step":{"id":"c199950d-99f0-4983-b711-6c4c91624b22"},"item":{"id":"3fef5905-8412-4849-9080-f724c7d5e28e"},"language":{"id":"00000000-0000-0000-0000-000000000000"},"last_modified":"2020-07-10T08:50:15.3713568Z"},{"elements":[{"element":{"id":"13bbce93-d245-46bf-90d7-8396d4ceb134"},"value":"LinkedIn"},{"element":{"id":"f81941ad-96f0-5222-bc4c-f731e6441e6a"},"value":"https://www.linkedin.com/in/%s"},{"element":{"id":"3136a1eb-a5ba-588c-9d95-9cdfdeccd6da"},"value":"fa-linkedin"},{"element":{"id":"d61dd1df-a24b-5ec8-8d43-d575a83a41f9"},"value":[]}],"workflow_step":{"id":"c199950d-99f0-4983-b711-6c4c91624b22"},"item":{"id":"926acd52-1b31-40d5-a179-916ae8672d71"},"language":{"id":"00000000-0000-0000-0000-000000000000"},"last_modified":"2020-07-10T08:50:02.3940309Z"},{"elements":[{"element":{"id":"13bbce93-d245-46bf-90d7-8396d4ceb134"},"value":"Facebook"},{"element":{"id":"f81941ad-96f0-5222-bc4c-f731e6441e6a"},"value":"https://www.facebook.com/%s"},{"element":{"id":"3136a1eb-a5ba-588c-9d95-9cdfdeccd6da"},"value":"fa-facebook"},{"element":{"id":"d61dd1df-a24b-5ec8-8d43-d575a83a41f9"},"value":[]}],"workflow_step":{"id":"c199950d-99f0-4983-b711-6c4c91624b22"},"item":{"id":"0fdddd30-172e-465f-9d0e-b4834ac667f0"},"language":{"id":"00000000-0000-0000-0000-000000000000"},"last_modified":"2020-07-10T08:50:22.2947567Z"},{"elements":[{"element":{"id":"13bbce93-d245-46bf-90d7-8396d4ceb134"},"value":"Instagram"},{"element":{"id":"f81941ad-96f0-5222-bc4c-f731e6441e6a"},"value":"https://www.instagram.com/%s"},{"element":{"id":"3136a1eb-a5ba-588c-9d95-9cdfdeccd6da"},"value":"fa-instagram"},{"element":{"id":"d61dd1df-a24b-5ec8-8d43-d575a83a41f9"},"value":[]}],"workflow_step":{"id":"c199950d-99f0-4983-b711-6c4c91624b22"},"item":{"id":"661ce1dd-44ff-420c-91ca-e41f56f1ec66"},"language":{"id":"00000000-0000-0000-0000-000000000000"},"last_modified":"2020-07-24T11:26:48.6345635Z"},{"elements":[{"element":{"id":"aa6cc0c1-7f12-5ec4-8eb4-d5033a4922f0"},"value":[{"id":"7b6e99e3-30ba-49e4-90b1-064a08a3acf4"}]},{"element":{"id":"f2dfbc30-2cc3-52c5-9d78-13925afa7386"},"value":[{"id":"401ced62-406c-4789-9b42-d1a26e64f452"}]},{"element":{"id":"52489a95-d504-59e7-9618-36147a6ec420"},"value":"Ondřej Chrastina"},{"element":{"id":"c12eb9f5-7d58-5bb1-ad36-08d9db6c6e80"},"value":"Ondřej Chrastina's personal site"},{"element":{"id":"4cdcb410-44b6-51c3-9c03-daa12e9048a1"},"value":[{"id":"10dcabb6-a29f-4bf8-8c57-67c5d287fa36"},{"id":"e0dc63ca-726b-4a5c-8d0f-63bea1a167ba"},{"id":"fc8880fc-ec97-4163-a434-a74a804925c0"}]},{"element":{"id":"3e709a6b-604e-4bfe-aa68-0ae1fba7bfd0"},"value":"https://ondrej.chrastina.tech"},{"element":{"id":"0e5d1ebf-6864-5f75-bb74-3cb69ed08f4d"},"value":[{"id":"752803e1-1879-4a67-99c7-0cad07aa6041"}]}],"workflow_step":{"id":"c199950d-99f0-4983-b711-6c4c91624b22"},"item":{"id":"f1d9f320-e59c-41ce-b18b-600b43635655"},"language":{"id":"00000000-0000-0000-0000-000000000000"},"last_modified":"2020-07-24T12:00:27.3668801Z"},{"elements":[{"element":{"id":"714ab3b1-cb6f-5cde-b9c4-80270a0c5f8e"},"value":"Ondřej Chrastina"},{"element":{"id":"a90fb49a-c31d-55c2-a9b3-a7055e6a6a74"},"value":"/"}],"workflow_step":{"id":"c199950d-99f0-4983-b711-6c4c91624b22"},"item":{"id":"4324ab06-f5e6-4990-b04f-a5058782542b"},"language":{"id":"00000000-0000-0000-0000-000000000000"},"last_modified":"2020-07-06T17:17:38.4328121Z"},{"elements":[{"element":{"id":"3d7f84a7-450e-594c-9eb9-d64fcd5a896a"},"value":[{"id":"4324ab06-f5e6-4990-b04f-a5058782542b"}]},{"element":{"id":"9afcd321-22c8-5e24-9b96-513c3b82a49c"},"value":"Menu"},{"element":{"id":"8f7428e4-d77c-595a-95ae-2544ad40e072"},"value":[{"id":"5330079d-083f-478c-84e8-051430b61d6f"},{"id":"03ee84a9-6912-42f3-902f-bf027bd1e1da"},{"id":"2905e906-52b7-46cf-847e-edcdff7b0566"},{"id":"31a0975c-8738-4904-a12c-cfe521bbfa4f"}]}],"workflow_step":{"id":"c199950d-99f0-4983-b711-6c4c91624b22"},"item":{"id":"7b6e99e3-30ba-49e4-90b1-064a08a3acf4"},"language":{"id":"00000000-0000-0000-0000-000000000000"},"last_modified":"2020-07-24T07:11:58.76482Z"},{"elements":[{"element":{"id":"4ce933e5-0c2c-467d-b8ca-12a1a25e4613"},"value":"Progressive Web Apps series"},{"components":[],"element":{"id":"53519c65-2125-4b95-8b97-2209460f3413"},"value":"<p>Progressive web apps are user experiences that have the reach of the web, and are reliable, fast, and engaging - feel like a natural app on the device, with an immersive user experience. This new level of quality allows progressive web apps to earn a place on the user's home screen.</p>"},{"element":{"id":"7c80b0a6-d5a9-4dff-a8a4-04484ebe51e4"},"value":[{"id":"3cbcf864-56e8-498a-af79-b565d227cebb"},{"id":"292866ae-9ad6-45b4-9ebf-ca081dfd5a83"},{"id":"0c6bbe9a-6f42-41bd-bb5f-97f4b20791ab"},{"id":"f608d1eb-3296-43d8-86de-38d32e6ae342"}]}],"workflow_step":{"id":"c199950d-99f0-4983-b711-6c4c91624b22"},"item":{"id":"e6d44c7c-b4b8-4467-988c-0a24959cf634"},"language":{"id":"00000000-0000-0000-0000-000000000000"},"last_modified":"2020-07-06T19:39:33.829063Z"},{"elements":[{"element":{"id":"0db3b67d-23bc-5313-a036-bb9dc9bab0c6"},"value":"Simply007"},{"element":{"id":"1bf21e3e-d053-5949-8e3b-60ad208e8d9a"},"value":[{"id":"dc963b49-201d-49cb-b819-fb10efd3856e"}]}],"workflow_step":{"id":"c199950d-99f0-4983-b711-6c4c91624b22"},"item":{"id":"61693fd1-e48c-4dd9-b509-16e34e898004"},"language":{"id":"00000000-0000-0000-0000-000000000000"},"last_modified":"2020-07-06T17:14:45.7350088Z"},{"elements":[{"element":{"id":"0db3b67d-23bc-5313-a036-bb9dc9bab0c6"},"value":"ChrastinaOndrej"},{"element":{"id":"1bf21e3e-d053-5949-8e3b-60ad208e8d9a"},"value":[{"id":"3fef5905-8412-4849-9080-f724c7d5e28e"}]}],"workflow_step":{"id":"c199950d-99f0-4983-b711-6c4c91624b22"},"item":{"id":"2628b07b-ebde-44be-bc67-152a860fc5d8"},"language":{"id":"00000000-0000-0000-0000-000000000000"},"last_modified":"2020-07-06T19:47:26.8071166Z"},{"elements":[{"element":{"id":"0db3b67d-23bc-5313-a036-bb9dc9bab0c6"},"value":"ondrejchrastina"},{"element":{"id":"1bf21e3e-d053-5949-8e3b-60ad208e8d9a"},"value":[{"id":"926acd52-1b31-40d5-a179-916ae8672d71"}]}],"workflow_step":{"id":"c199950d-99f0-4983-b711-6c4c91624b22"},"item":{"id":"0654043e-d24b-44ae-a639-6adc078b6e7c"},"language":{"id":"00000000-0000-0000-0000-000000000000"},"last_modified":"2020-07-24T11:24:44.1928188Z"},{"elements":[{"element":{"id":"0db3b67d-23bc-5313-a036-bb9dc9bab0c6"},"value":"0ndrejek"},{"element":{"id":"1bf21e3e-d053-5949-8e3b-60ad208e8d9a"},"value":[{"id":"0fdddd30-172e-465f-9d0e-b4834ac667f0"}]}],"workflow_step":{"id":"c199950d-99f0-4983-b711-6c4c91624b22"},"item":{"id":"8f4e9a43-b0b4-4e57-a388-4ee8229f4e14"},"language":{"id":"00000000-0000-0000-0000-000000000000"},"last_modified":"2020-07-06T19:52:49.9734579Z"},{"elements":[{"element":{"id":"0db3b67d-23bc-5313-a036-bb9dc9bab0c6"},"value":"0.ndrej"},{"element":{"id":"1bf21e3e-d053-5949-8e3b-60ad208e8d9a"},"value":[{"id":"661ce1dd-44ff-420c-91ca-e41f56f1ec66"}]}],"workflow_step":{"id":"c199950d-99f0-4983-b711-6c4c91624b22"},"item":{"id":"d3fa56c0-2fb8-4168-8af8-58fec7e5a878"},"language":{"id":"00000000-0000-0000-0000-000000000000"},"last_modified":"2020-07-06T19:54:05.4628808Z"},{"elements":[{"element":{"id":"11ffc909-4362-47af-9d46-1cc41fa21776"},"value":"My findings"},{"element":{"id":"bc197113-3c91-4fa2-909f-5e74fee4e1cf"},"value":[]},{"components":[],"element":{"id":"0bc606dd-d572-4bd0-a988-edb662aeb54e"},"value":"<p>During my investigation what the PWAs are and which capabilities they provide I found out that there is a couple of approaches that could be beneficial for broader audience.</p>"},{"element":{"id":"1101a62d-1d9e-4212-b6bb-3b6235db1fe8"},"value":[]}],"workflow_step":{"id":"c199950d-99f0-4983-b711-6c4c91624b22"},"item":{"id":"3cbcf864-56e8-498a-af79-b565d227cebb"},"language":{"id":"00000000-0000-0000-0000-000000000000"},"last_modified":"2020-07-06T19:33:27.8819364Z"},{"elements":[{"element":{"id":"11ffc909-4362-47af-9d46-1cc41fa21776"},"value":"How to create a progressive web app featuring Angular and headless CMS"},{"element":{"id":"bc197113-3c91-4fa2-909f-5e74fee4e1cf"},"value":[{"id":"89110d28-47e9-4399-9817-d0b598072421"}]},{"components":[],"element":{"id":"0bc606dd-d572-4bd0-a988-edb662aeb54e"},"value":"<p>Have you ever wondered how a headless Content Management System fits in with Progressive Web Apps?</p>"},{"element":{"id":"1101a62d-1d9e-4212-b6bb-3b6235db1fe8"},"value":[{"id":"019f7ad3-50de-4f1c-8e79-364cdfd8ed24"}]}],"workflow_step":{"id":"c199950d-99f0-4983-b711-6c4c91624b22"},"item":{"id":"292866ae-9ad6-45b4-9ebf-ca081dfd5a83"},"language":{"id":"00000000-0000-0000-0000-000000000000"},"last_modified":"2020-07-06T19:34:34.5681037Z"},{"elements":[{"element":{"id":"11ffc909-4362-47af-9d46-1cc41fa21776"},"value":"How to tune up your Progressive Web App to get a perfect audit score"},{"element":{"id":"bc197113-3c91-4fa2-909f-5e74fee4e1cf"},"value":[{"id":"4757b8fa-488f-4ebd-9811-d975667009f6"}]},{"components":[],"element":{"id":"0bc606dd-d572-4bd0-a988-edb662aeb54e"},"value":"<p>Progressive Web Apps (PWAs) quickly became the hottest development platform during the last year. Let’s take a look at what you need to do to adhere to the PWA standards.</p>"},{"element":{"id":"1101a62d-1d9e-4212-b6bb-3b6235db1fe8"},"value":[{"id":"ce779c53-ad6c-4187-b16a-c705af296f94"}]}],"workflow_step":{"id":"c199950d-99f0-4983-b711-6c4c91624b22"},"item":{"id":"0c6bbe9a-6f42-41bd-bb5f-97f4b20791ab"},"language":{"id":"00000000-0000-0000-0000-000000000000"},"last_modified":"2020-07-10T11:22:24.5137593Z"},{"elements":[{"element":{"id":"11ffc909-4362-47af-9d46-1cc41fa21776"},"value":"How to make sure your Progressive Web App keeps its Lighthouse audit"},{"element":{"id":"bc197113-3c91-4fa2-909f-5e74fee4e1cf"},"value":[{"id":"06c38ecd-d6ae-4058-851b-1ba049022398"}]},{"components":[],"element":{"id":"0bc606dd-d572-4bd0-a988-edb662aeb54e"},"value":"<p>The hint how to check the PWA compliance automatically by embedding the Lighthouse PWA audit into your continuous integration pipeline.</p>"},{"element":{"id":"1101a62d-1d9e-4212-b6bb-3b6235db1fe8"},"value":[{"id":"3a8c7aa2-0d5f-4d7c-8b12-cb462612d667"}]}],"workflow_step":{"id":"c199950d-99f0-4983-b711-6c4c91624b22"},"item":{"id":"f608d1eb-3296-43d8-86de-38d32e6ae342"},"language":{"id":"00000000-0000-0000-0000-000000000000"},"last_modified":"2020-07-10T11:22:08.7129739Z"}]