{"space_domains":[{"space":{"id":"4170102b-7c2e-4a0f-b72f-d25b2861068e"},"domain":""}],"preview_url_patterns":[{"content_type":{"id":"d0b31a99-6076-4982-a0ec-9364ae984118"},"url_patterns":[{"space":null,"url_pattern":"https://chrastina.netlify.app/journal/{URLslug}"}]},{"content_type":{"id":"dee938e8-aab2-411c-a701-7d7f93c8c7a7"},"url_patterns":[{"space":null,"url_pattern":"https://chrastina.netlify.app/projects/{URLslug}"}]},{"content_type":{"id":"d283fa92-652e-408d-817d-3ca64e4598b4"},"url_patterns":[{"space":null,"url_pattern":"https://chrastina.netlify.app"}]},{"content_type":{"id":"2f3bbacd-add5-4620-9cb0-7517ba953ba5"},"url_patterns":[{"space":null,"url_pattern":"https://chrastina.netlify.app/{URLslug}"}]},{"content_type":{"id":"bbbf25d6-6106-4594-bfd0-c8234829bba8"},"url_patterns":[{"space":null,"url_pattern":"https://chrastina.netlify.app"}]}]}