[{"last_modified":"2020-07-31T09:23:51.1754006Z","id":"31bf9c1a-31e8-43f1-b20b-b901d0548cfe","name":"Channel purpose","codename":"channel_purpose","terms":[{"id":"6ff757d2-0d6b-466a-866a-37c4372590e3","name":"Website","codename":"website","terms":[]}]},{"last_modified":"2020-07-31T10:43:46.9021006Z","id":"e5abe711-55bb-4b27-a82e-f5ee4aa0e5ae","name":"Gotcha category","codename":"gotcha_category","terms":[{"id":"a682a3f2-4ee9-4a12-ba26-306913903f0c","name":"Java","codename":"java","terms":[]},{"id":"6ff110c1-f8bb-4472-9be8-3c59cc20d2db","name":"Powershell","codename":"powershell","terms":[]},{"id":"b86b6027-dee3-478f-8f76-29f0aaaa7fd6","name":"Web","codename":"web","terms":[]},{"id":"512a7db0-6968-4b4b-8e19-779d5a917411","name":"Windows","codename":"windows","terms":[]},{"id":"d252c168-5942-4b7c-849a-4f24768d3ab4","name":"JavaScript","codename":"javascript","terms":[]}]}]