[{"id":"00000000-0000-0000-0000-000000000000","name":"Default","codename":"default","scopes":[],"steps":[{"id":"eee6db3b-545a-4785-8e86-e3772c8756f9","name":"Draft","codename":"draft","color":"red","transitions_to":[{"step":{"id":"c199950d-99f0-4983-b711-6c4c91624b22"}},{"step":{"id":"7a535a69-ad34-47f8-806a-def1fdf4d391"}},{"step":{"id":"0fc3d8c6-33ea-441d-b5e5-1f17655ad1b5"}}],"role_ids":[]},{"id":"0fc3d8c6-33ea-441d-b5e5-1f17655ad1b5","name":"Ready to publish","codename":"ready_to_publish","color":"light-green","transitions_to":[{"step":{"id":"c199950d-99f0-4983-b711-6c4c91624b22"}}],"role_ids":[]}],"published_step":{"id":"c199950d-99f0-4983-b711-6c4c91624b22","name":"Published","codename":"published","unpublish_role_ids":[],"create_new_version_role_ids":[]},"scheduled_step":{"id":"9d2b0228-4d0d-4c23-8b49-01a698857709","name":"Scheduled","codename":"scheduled"},"archived_step":{"id":"7a535a69-ad34-47f8-806a-def1fdf4d391","name":"Archived","codename":"archived","role_ids":[]}}]